Table,Field,IsLinkIDField,LinkedTable_Inferred,Inference,LinkBase
AccountingTemplates,CustomColumns,False,,,
AccountingTemplates,DataType,False,,,
AccountingTemplates,FilePath,False,,,
AccountingTemplates,ID,False,,,
AccountingTemplates,IncludesHeaders,False,,,
AccountingTemplates,LinkID,True,,ambiguous,
AccountingTemplates,LinkIDCategory,True,Categories,prefix-exact,Category
AccountingTemplates,Modified,False,,,
AccountingTemplates,MvColumns,False,,,
AccountingTemplates,Name,False,,,
AccountingTemplates,Type,False,,,
Activities,ActiveTime,False,,,
Activities,ActualEndDate,False,,,
Activities,ActualStartDate,False,,,
Activities,Comments,False,,,
Activities,Completed,False,,,
Activities,CompletionPercentageOverride,False,,,
Activities,Duration,False,,,
Activities,EndDate,False,,,
Activities,GeoLocation,False,,,
Activities,GeoLocationEnd,False,,,
Activities,ID,False,,,
Activities,IsPublicActivity,False,,,
Activities,LagDaysOffset,False,,,
Activities,LinkID,True,,ambiguous,
Activities,LinkIDActivityStation,True,ActivityStations,prefix-exact,ActivityStation
Activities,LinkIDCategory,True,Categories,prefix-exact,Category
Activities,LinkIDDepartment,True,Departments,prefix-exact,Department
Activities,LinkIDParent,True,,prefix-nomatch,Parent
Activities,LinkIDPredecessor,True,,prefix-nomatch,Predecessor
Activities,LinkIDProject,True,Projects,prefix-exact,Project
Activities,LinkIDProjectActivity,True,,prefix-nomatch,ProjectActivity
Activities,LinkIDShift,True,Shifts,prefix-exact,Shift
Activities,LinkIDWorkOrder,True,Workorders,prefix-case,WorkOrder
Activities,Mobile,False,,,
Activities,Modified,False,,,
Activities,Name,False,,,
Activities,Overtime,False,,,
Activities,PredecessorLagDays,False,,,
Activities,PredecessorType,False,,,
Activities,PrintFlag,False,,,
Activities,ScheduledMinutes,False,,,
Activities,SpanProject,False,,,
Activities,StartDate,False,,,
Activities,StartDayOfWeek,False,,,
Activities,TardyFlag,False,,,
Activities,TotalMinutes,False,,,
Activities,Type,False,,,
ActivityStations,Comments,False,,,
ActivityStations,ID,False,,,
ActivityStations,LaborRate,False,,,
ActivityStations,LinkID,True,,ambiguous,
ActivityStations,LinkIDCategory,True,Categories,prefix-exact,Category
ActivityStations,LinkIDParentStation,True,ParentStations,prefix-exact,ParentStation
ActivityStations,LinkIDProcessingStation,True,ProcessingStations,prefix-exact,ProcessingStation
ActivityStations,Modified,False,,,
ActivityStations,Name,False,,,
ActivityStations,NumberOfEmployeesRequired,False,,,
ActivityStations,StationNumber,False,,,
ActivityStations,UnitType,False,,,
ActivityStations,UnitsPerMinuteFactoryTime,False,,,
Attachment,Attachment,False,,,
Attachment,DateCreated,False,,,
Attachment,ID,False,,,
Attachment,LinkID,True,,ambiguous,
Attachment,LinkIDCategory,True,Categories,prefix-exact,Category
Attachment,LinkIDCreator,True,,prefix-nomatch,Creator
Attachment,LinkIDParent,True,,prefix-nomatch,Parent
Attachment,Modified,False,,,
Attachment,Name,False,,,
Attachment,Notes,False,,,
Attachment,Size,False,,,
AutoCADDrawings,Drawing,False,,,
AutoCADDrawings,ID,False,,,
AutoCADDrawings,JPegName,False,,,
AutoCADDrawings,JPegStream,False,,,
AutoCADDrawings,LinkID,True,,ambiguous,
AutoCADDrawings,LinkIDCategory,True,Categories,prefix-exact,Category
AutoCADDrawings,Modified,False,,,
AutoCADDrawings,Name,False,,,
AutoCADDrawings,TiffName,False,,,
AutoCADDrawings,TiffStream,False,,,
AutoCADDrawings,Type,False,,,
AutoCADDrawings,WMFName,False,,,
AutoCADDrawings,WMFStream,False,,,
BiesseMachineSetting,ID,False,,,
BiesseMachineSetting,LinkID,True,,ambiguous,
BiesseMachineSetting,MaximumLength,False,,,
BiesseMachineSetting,MaximumThickness,False,,,
BiesseMachineSetting,MaximumWidth,False,,,
BiesseMachineSetting,MinimumLength,False,,,
BiesseMachineSetting,MinimumThickness,False,,,
BiesseMachineSetting,MinimumWidth,False,,,
BluePrintViews,BlueprintViewType,False,,,
BluePrintViews,ID,False,,,
BluePrintViews,LinkID,True,,ambiguous,
BluePrintViews,LinkIDCategory,True,Categories,prefix-exact,Category
BluePrintViews,LinkIDLocation,True,Locations,prefix-exact,Location
BluePrintViews,LinkIDProject,True,Projects,prefix-exact,Project
BluePrintViews,LinkIDTiffDrawing1,True,,prefix-nomatch,TiffDrawing1
BluePrintViews,LinkIDTiffDrawing2,True,,prefix-nomatch,TiffDrawing2
BluePrintViews,LinkIDTiffDrawing3,True,,prefix-nomatch,TiffDrawing3
BluePrintViews,LinkIDTiffDrawing4,True,,prefix-nomatch,TiffDrawing4
BluePrintViews,LinkIDTiffDrawing5,True,,prefix-nomatch,TiffDrawing5
BluePrintViews,Modified,False,,,
BluePrintViews,Name,False,,,
BluePrintViews,ViewerHeight1,False,,,
BluePrintViews,ViewerHeight2,False,,,
BluePrintViews,ViewerHeight3,False,,,
BluePrintViews,ViewerHeight4,False,,,
BluePrintViews,ViewerHeight5,False,,,
BluePrintViews,ViewerLeft1,False,,,
BluePrintViews,ViewerLeft2,False,,,
BluePrintViews,ViewerLeft3,False,,,
BluePrintViews,ViewerLeft4,False,,,
BluePrintViews,ViewerLeft5,False,,,
BluePrintViews,ViewerTop1,False,,,
BluePrintViews,ViewerTop2,False,,,
BluePrintViews,ViewerTop3,False,,,
BluePrintViews,ViewerTop4,False,,,
BluePrintViews,ViewerTop5,False,,,
BluePrintViews,ViewerWidth1,False,,,
BluePrintViews,ViewerWidth2,False,,,
BluePrintViews,ViewerWidth3,False,,,
BluePrintViews,ViewerWidth4,False,,,
BluePrintViews,ViewerWidth5,False,,,
Breaks,EndTime,False,,,
Breaks,ID,False,,,
Breaks,LinkID,True,,ambiguous,
Breaks,LinkIDCategory,True,Categories,prefix-exact,Category
Breaks,Modified,False,,,
Breaks,Name,False,,,
Breaks,PaidBreak,False,,,
Breaks,StartTime,False,,,
BundleItemSettings,BundleByComment,False,,,
BundleItemSettings,BundleByProduct,False,,,
BundleItemSettings,BundleByRoom,False,,,
BundleItemSettings,BundleBySize,False,,,
BundleItemSettings,BundleLikeItems,False,,,
BundleItemSettings,ID,False,,,
BundleItemSettings,LinkID,True,,ambiguous,
BundleItemSettings,MaxPieceCount,False,,,
BundleItemSettings,Type,False,,,
BundleItems,Comments,False,,,
BundleItems,Depth,False,,,
BundleItems,ID,False,,,
BundleItems,Length,False,,,
BundleItems,LinkID,True,,ambiguous,
BundleItems,LinkIDBundle,True,Bundles,prefix-exact,Bundle
BundleItems,LinkIDItem,True,,prefix-nomatch,Item
BundleItems,LinkIDProduct,True,Products,prefix-exact,Product
BundleItems,LinkIDProject,True,Projects,prefix-exact,Project
BundleItems,LinkIDRoom,True,,prefix-nomatch,Room
BundleItems,LinkIDWorkOrder,True,Workorders,prefix-case,WorkOrder
BundleItems,Name,False,,,
BundleItems,Quantity,False,,,
BundleItems,ScanCode,False,,,
BundleItems,Type,False,,,
BundleItems,Width,False,,,
Bundles,Comments,False,,,
Bundles,DateCreated,False,,,
Bundles,ID,False,,,
Bundles,LinkID,True,,ambiguous,
Bundles,LinkIDEmployee,True,Employees,prefix-exact,Employee
Bundles,LinkIDProject,True,Projects,prefix-exact,Project
Bundles,LinkIDStorageGroup,True,StorageGroups,prefix-exact,StorageGroup
Bundles,LinkIDStorageLocation,True,,prefix-nomatch,StorageLocation
Bundles,Name,False,,,
Bundles,Number,False,,,
Bundles,PrintFlag,False,,,
Bundles,ScanCode,False,,,
Bundles,Status,False,,,
Bundles,Type,False,,,
Categories,CategoryFilter,False,,,
Categories,CategoryLevel,False,,,
Categories,ID,False,,,
Categories,IsDefault,False,,,
Categories,IsExpanded,False,,,
Categories,LinkID,True,,ambiguous,
Categories,LinkIDCategory,True,Categories,prefix-exact,Category
Categories,LinkIDLibrary,True,Libraries,prefix-exact,Library
Categories,LinkIDParent,True,,prefix-nomatch,Parent
Categories,Modified,False,,,
Categories,Name,False,,,
Categories,Type,False,,,
Categories,Visible,False,,,
CommonCommandsGrids,ID,False,,,
CommonCommandsGrids,LinkID,True,,ambiguous,
CommonCommandsGrids,LinkIDCategory,True,Categories,prefix-exact,Category
CommonCommandsGrids,Modified,False,,,
CommonCommandsGrids,Name,False,,,
CommonCommandsGrids,WorkBook,False,,,
Configurations,AllowNotifications,False,,,
Configurations,AllowWorkOrderCreation,False,,,
Configurations,AllowWorkOrderProcessing,False,,,
Configurations,ConfigurationType,False,,,
Configurations,DataPath,False,,,
Configurations,ID,False,,,
Configurations,LinkID,True,,ambiguous,
Configurations,Name,False,,,
Configurations,NotificationPassword,False,,,
Configurations,Port,False,,,
Configurations,ServerAllowsNotifications,False,,,
Configurations,ServerAllowsWorkOrderCreation,False,,,
Configurations,ServerAllowsWorkOrderProcessing,False,,,
Configurations,ServerName,False,,,
Configurations,UserPrincipalName,False,,,
Contacts,Age,False,,,
Contacts,Anniversary,False,,,
Contacts,Birthday,False,,,
Contacts,CellPhone,False,,,
Contacts,City,False,,,
Contacts,Comments,False,,,
Contacts,Country,False,,,
Contacts,DateFirstContact,False,,,
Contacts,Department,False,,,
Contacts,EmailDefault,False,,,
Contacts,FaxDefault,False,,,
Contacts,FirstName,False,,,
Contacts,HomePhone,False,,,
Contacts,ID,False,,,
Contacts,JPegName,False,,,
Contacts,JPegStream,False,,,
Contacts,LastName,False,,,
Contacts,LinkID,True,,ambiguous,
Contacts,LinkIDCategory,True,Categories,prefix-exact,Category
Contacts,LinkIDCompany,True,,prefix-nomatch,Company
Contacts,MailCity,False,,,
Contacts,MailCountry,False,,,
Contacts,MailPOBox,False,,,
Contacts,MailState,False,,,
Contacts,MailStreet,False,,,
Contacts,MailZipCode,False,,,
Contacts,ManagerName,False,,,
Contacts,MiddleName,False,,,
Contacts,Modified,False,,,
Contacts,NameNickname,False,,,
Contacts,NamePartner,False,,,
Contacts,NameSuffix,False,,,
Contacts,Office,False,,,
Contacts,OtherAddressStreet,False,,,
Contacts,POBox,False,,,
Contacts,PhoneDefault,False,,,
Contacts,Profession,False,,,
Contacts,RestrictAccess,False,,,
Contacts,Salutation,False,,,
Contacts,State,False,,,
Contacts,Street,False,,,
Contacts,TiffName,False,,,
Contacts,TiffStream,False,,,
Contacts,Title,False,,,
Contacts,Type,False,,,
Contacts,WMFName,False,,,
Contacts,WMFStream,False,,,
Contacts,WebSiteDefault,False,,,
Contacts,ZipCode,False,,,
Correspondence,Body,False,,,
Correspondence,DateCreated,False,,,
Correspondence,EmailAddress,False,,,
Correspondence,ID,False,,,
Correspondence,LinkID,True,,ambiguous,
Correspondence,LinkIDCategory,True,Categories,prefix-exact,Category
Correspondence,LinkIDParent,True,,prefix-nomatch,Parent
Correspondence,Modified,False,,,
Correspondence,Name,False,,,
Correspondence,ReceivedByName,False,,,
Correspondence,SenderName,False,,,
Correspondence,Subject,False,,,
Correspondence,TheDate,False,,,
Correspondence,Type,False,,,
CutPartsFiles,ID,False,,,
CutPartsFiles,LinkID,True,,ambiguous,
CutPartsFiles,LinkIDCategory,True,Categories,prefix-exact,Category
CutPartsFiles,LinkIDLibrary,True,Libraries,prefix-exact,Library
CutPartsFiles,LinkIDProject,True,Projects,prefix-exact,Project
CutPartsFiles,Modified,False,,,
CutPartsFiles,Name,False,,,
CutPartsFiles,Type,False,,,
CutPartsFiles,WorkBook,False,,,
Departments,DepartmentManager,False,,,
Departments,DepartmentNumber,False,,,
Departments,ID,False,,,
Departments,LinkID,True,,ambiguous,
Departments,LinkIDCategory,True,Categories,prefix-exact,Category
Departments,LinkIDPrimaryShift,True,,prefix-nomatch,PrimaryShift
Departments,Modified,False,,,
Departments,Name,False,,,
Departments,ResourceHours,False,,,
Departments,TargetNumberOfEmployees,False,,,
DoorLayers,ID,False,,,
DoorLayers,LinkID,True,,ambiguous,
DoorLayers,LinkIDCategory,True,Categories,prefix-exact,Category
DoorLayers,LinkIDLibrary,True,Libraries,prefix-exact,Library
DoorLayers,Modified,False,,,
DoorLayers,Name,False,,,
DoorWizardFiles,ID,False,,,
DoorWizardFiles,LinkID,True,,ambiguous,
DoorWizardFiles,LinkIDCategory,True,Categories,prefix-exact,Category
DoorWizardFiles,LinkIDLibrary,True,Libraries,prefix-exact,Library
DoorWizardFiles,LinkIDProject,True,Projects,prefix-exact,Project
DoorWizardFiles,Modified,False,,,
DoorWizardFiles,Name,False,,,
DoorWizardFiles,Type,False,,,
DoorWizardFiles,WorkBook,False,,,
EdgebandFiles,ID,False,,,
EdgebandFiles,LinkID,True,,ambiguous,
EdgebandFiles,LinkIDCategory,True,Categories,prefix-exact,Category
EdgebandFiles,LinkIDLibrary,True,Libraries,prefix-exact,Library
EdgebandFiles,LinkIDProject,True,Projects,prefix-exact,Project
EdgebandFiles,Modified,False,,,
EdgebandFiles,Name,False,,,
EdgebandFiles,Type,False,,,
EdgebandFiles,WorkBook,False,,,
Edgebanding,Code,False,,,
Edgebanding,CodeFormula,False,,,
Edgebanding,Comments,False,,,
Edgebanding,CustomSizeAdjustment,False,,,
Edgebanding,Face,False,,,
Edgebanding,Grain,False,,,
Edgebanding,GrainFormula,False,,,
Edgebanding,HandlingCode,False,,,
Edgebanding,HandlingCodeFormula,False,,,
Edgebanding,HatchType,False,,,
Edgebanding,ID,False,,,
Edgebanding,InventoryAvailableQty,False,,,
Edgebanding,InventoryCurrentQty,False,,,
Edgebanding,InventoryMinQty,False,,,
Edgebanding,IsFormulaMaterial,False,,,
Edgebanding,LinFt,False,,,
Edgebanding,LinkID,True,,ambiguous,
Edgebanding,LinkIDBottomFaceRendering,True,,prefix-nomatch,BottomFaceRendering
Edgebanding,LinkIDCategory,True,Categories,prefix-exact,Category
Edgebanding,LinkIDCoreRendering,True,,prefix-nomatch,CoreRendering
Edgebanding,LinkIDDefaultVendor,True,,prefix-nomatch,DefaultVendor
Edgebanding,LinkIDMaterial,True,Materials,prefix-exact,Material
Edgebanding,LinkIDPart,True,Parts,prefix-exact,Part
Edgebanding,LinkIDProduct,True,Products,prefix-exact,Product
Edgebanding,LinkIDProject,True,Projects,prefix-exact,Project
Edgebanding,LinkIDSheetSize,True,,prefix-nomatch,SheetSize
Edgebanding,LinkIDSubAssembly,True,Subassemblies,prefix-case,SubAssembly
Edgebanding,LinkIDTopFaceRendering,True,,prefix-nomatch,TopFaceRendering
Edgebanding,LinkIDWorkOrder,True,Workorders,prefix-case,WorkOrder
Edgebanding,MarkUp,False,,,
Edgebanding,MarkUpFormula,False,,,
Edgebanding,MaterialCommentsFormula,False,,,
Edgebanding,MaterialFlipSetting,False,,,
Edgebanding,Modified,False,,,
Edgebanding,Name,False,,,
Edgebanding,Quantity,False,,,
Edgebanding,SqFt,False,,,
Edgebanding,Thickness,False,,,
Edgebanding,Type,False,,,
Edgebanding,UnitType,False,,,
Edgebanding,VendorCost,False,,,
Edgebanding,WasteFactor,False,,,
Edgebanding,WasteFactorFormula,False,,,
EmployeeLogin,AllowLogin,False,,,
EmployeeLogin,AllowSecurityByPass,False,,,
EmployeeLogin,ID,False,,,
EmployeeLogin,LinkID,True,,ambiguous,
EmployeeLogin,LinkIDCategory,True,Categories,prefix-exact,Category
EmployeeLogin,Modified,False,,,
EmployeeLogin,Name,False,,,
EmployeeSecure,AccessEventLogProperties,False,,,
EmployeeSecure,AccessLibraryUpdateUtility,False,,,
EmployeeSecure,AllowAccessLibraryDesigner,False,,,
EmployeeSecure,AllowAccesstoDatabaseExplorer,False,,,
EmployeeSecure,AllowAccesstoDatabaseUtilities,False,,,
EmployeeSecure,AllowAccesstoTransferTables,False,,,
EmployeeSecure,AllowAddProjectComponentFromTemplate,False,,,
EmployeeSecure,AllowAssignComponentToProjectSpecGroup,False,,,
EmployeeSecure,AllowAssignComponentToTemplateSpecGroup,False,,,
EmployeeSecure,AllowCompanyManagement,False,,,
EmployeeSecure,AllowCopyProjectComponent,False,,,
EmployeeSecure,AllowCopyProjectSpecGroup,False,,,
EmployeeSecure,AllowCopyTemplateComponent,False,,,
EmployeeSecure,AllowCopyTemplateSpecGroup,False,,,
EmployeeSecure,AllowDBUExport,False,,,
EmployeeSecure,AllowDBUExportAndDelete,False,,,
EmployeeSecure,AllowDBUImport,False,,,
EmployeeSecure,AllowDBUImportAndOverwrite,False,,,
EmployeeSecure,AllowDeleteProjectComponent,False,,,
EmployeeSecure,AllowDeleteProjectSpecificationGroup,False,,,
EmployeeSecure,AllowDeleteTemplateComponent,False,,,
EmployeeSecure,AllowDeleteTemplateSpecificationGroup,False,,,
EmployeeSecure,AllowEditTimeClock,False,,,
EmployeeSecure,AllowEstimating,False,,,
EmployeeSecure,AllowEventLogArchive,False,,,
EmployeeSecure,AllowEventLogDelete,False,,,
EmployeeSecure,AllowImportData,False,,,
EmployeeSecure,AllowImportProjectSpecGroup,False,,,
EmployeeSecure,AllowOptionsData,False,,,
EmployeeSecure,AllowOptionsGeneral,False,,,
EmployeeSecure,AllowOptionsMachining,False,,,
EmployeeSecure,AllowProcessingStationManagement,False,,,
EmployeeSecure,AllowProduction,False,,,
EmployeeSecure,AllowProjectCutPartWizard,False,,,
EmployeeSecure,AllowProjectDelete,False,,,
EmployeeSecure,AllowProjectDoorWizard,False,,,
EmployeeSecure,AllowProjectEdgeBandWizard,False,,,
EmployeeSecure,AllowProjectFactoryWorkbook,False,,,
EmployeeSecure,AllowProjectGlobals,False,,,
EmployeeSecure,AllowProjectHardwareWizard,False,,,
EmployeeSecure,AllowProjectMaterials,False,,,
EmployeeSecure,AllowProjectRename,False,,,
EmployeeSecure,AllowProjectWizard,False,,,
EmployeeSecure,AllowProjectWorkBookDesigner,False,,,
EmployeeSecure,AllowPurchasing,False,,,
EmployeeSecure,AllowRenameProjectSpecGroup,False,,,
EmployeeSecure,AllowRenameProjectomponent,False,,,
EmployeeSecure,AllowRenameTemplateComponent,False,,,
EmployeeSecure,AllowRenameTemplateSpecGroup,False,,,
EmployeeSecure,AllowReportDesigner,False,,,
EmployeeSecure,AllowRevertProjectComponent,False,,,
EmployeeSecure,AllowSaveProductstoLibrary,False,,,
EmployeeSecure,AllowSaveProjectComponentToTemplate,False,,,
EmployeeSecure,AllowSaveProjectSpecificationGroupToTemplate,False,,,
EmployeeSecure,AllowSaveSpecificationGroupstoTemplate,False,,,
EmployeeSecure,AllowSaveSubassembliestoLibrary,False,,,
EmployeeSecure,AllowScheduling,False,,,
EmployeeSecure,AllowSetup,False,,,
EmployeeSecure,AllowTemplateCutPartWizard,False,,,
EmployeeSecure,AllowTemplateDoorWizard,False,,,
EmployeeSecure,AllowTemplateEdgeBandWizard,False,,,
EmployeeSecure,AllowTemplateGlobals,False,,,
EmployeeSecure,AllowTemplateHardwareWizard,False,,,
EmployeeSecure,AllowTemplateMaterials,False,,,
EmployeeSecure,AllowTemplateProjectWizard,False,,,
EmployeeSecure,AllowTemplateWorkBookDesigner,False,,,
EmployeeSecure,AllowToolFileManagement,False,,,
EmployeeSecure,AllowUpdates,False,,,
EmployeeSecure,AllowWorkOrderModify,False,,,
EmployeeSecure,EmployeePassword,False,,,
EmployeeSecure,HourlyPay,False,,,
EmployeeSecure,ID,False,,,
EmployeeSecure,LinkID,True,,ambiguous,
EmployeeSecure,LinkIDCategory,True,Categories,prefix-exact,Category
EmployeeSecure,LinkIDEmployee,True,Employees,prefix-exact,Employee
EmployeeSecure,MmAlertSettings,False,,,
EmployeeSecure,Modified,False,,,
EmployeeSecure,Name,False,,,
EmployeeSecure,SSNumber,False,,,
EmployeeSecure,SoftwareSecurityType,False,,,
EmployeeSecure,WebSupportRolls,False,,,
Employees,Age,False,,,
Employees,Anniversary,False,,,
Employees,Birthday,False,,,
Employees,CellPhone,False,,,
Employees,City,False,,,
Employees,Comments,False,,,
Employees,Country,False,,,
Employees,DateFirstContact,False,,,
Employees,Department,False,,,
Employees,Department1Efficiency,False,,,
Employees,Department1HoursAllocation,False,,,
Employees,Department2Efficiency,False,,,
Employees,Department2HoursAllocation,False,,,
Employees,Department3Efficiency,False,,,
Employees,Department3HoursAllocation,False,,,
Employees,EmailDefault,False,,,
Employees,FaxDefault,False,,,
Employees,FirstName,False,,,
Employees,HomePhone,False,,,
Employees,ID,False,,,
Employees,JPegName,False,,,
Employees,JPegStream,False,,,
Employees,LastName,False,,,
Employees,LinkID,True,,ambiguous,
Employees,LinkIDActivityStation,True,ActivityStations,prefix-exact,ActivityStation
Employees,LinkIDCategory,True,Categories,prefix-exact,Category
Employees,LinkIDCompany,True,,prefix-nomatch,Company
Employees,LinkIDPrimaryDepartment,True,,prefix-nomatch,PrimaryDepartment
Employees,LinkIDSecondaryDepartment,True,,prefix-nomatch,SecondaryDepartment
Employees,LinkIDSecondaryShift,True,,prefix-nomatch,SecondaryShift
Employees,LinkIDShift,True,Shifts,prefix-exact,Shift
Employees,LinkIDTertiaryDepartment,True,,prefix-nomatch,TertiaryDepartment
Employees,LinkIDTertiaryShift,True,,prefix-nomatch,TertiaryShift
Employees,MailCity,False,,,
Employees,MailCountry,False,,,
Employees,MailPOBox,False,,,
Employees,MailState,False,,,
Employees,MailStreet,False,,,
Employees,MailZipCode,False,,,
Employees,ManagerName,False,,,
Employees,MiddleName,False,,,
Employees,Modified,False,,,
Employees,NameNickname,False,,,
Employees,NamePartner,False,,,
Employees,NameSuffix,False,,,
Employees,Office,False,,,
Employees,OtherAddressStreet,False,,,
Employees,POBox,False,,,
Employees,PhoneDefault,False,,,
Employees,Profession,False,,,
Employees,RestrictAccess,False,,,
Employees,Salutation,False,,,
Employees,State,False,,,
Employees,Street,False,,,
Employees,TiffName,False,,,
Employees,TiffStream,False,,,
Employees,Title,False,,,
Employees,Type,False,,,
Employees,WMFName,False,,,
Employees,WMFStream,False,,,
Employees,WebSiteDefault,False,,,
Employees,ZipCode,False,,,
ErrorMessages,ID,False,,,
ErrorMessages,LinkID,True,,ambiguous,
ErrorMessages,LinkIDCategory,True,Categories,prefix-exact,Category
ErrorMessages,LinkIDGCodeResult,True,,prefix-nomatch,GCodeResult
ErrorMessages,LinkIDProcessingStation,True,ProcessingStations,prefix-exact,ProcessingStation
ErrorMessages,LinkIDWorkOrder,True,Workorders,prefix-case,WorkOrder
ErrorMessages,LinkIDWorkOrderBatch,True,WorkOrderBatches,prefix-exact,WorkOrderBatch
ErrorMessages,Modified,False,,,
ErrorMessages,Name,False,,,
ErrorMessages,Title,False,,,
ErrorMessages,Type,False,,,
Estimates,ID,False,,,
Estimates,LinkID,True,,ambiguous,
Estimates,LinkIDCategory,True,Categories,prefix-exact,Category
Estimates,Modified,False,,,
Estimates,Name,False,,,
EventLogs,AlertType,False,,,
EventLogs,Archived,False,,,
EventLogs,DateTime,False,,,
EventLogs,Description,False,,,
EventLogs,EventType,False,,,
EventLogs,ID,False,,,
EventLogs,InnerMessage,False,,,
EventLogs,LinkID,True,,ambiguous,
EventLogs,LinkIDGrandParent,True,,prefix-nomatch,GrandParent
EventLogs,LinkIDParent,True,,prefix-nomatch,Parent
EventLogs,MachineName,False,,,
EventLogs,Message,False,,,
EventLogs,SeverityLevel,False,,,
EventLogs,Source,False,,,
EventLogs,StackTrace,False,,,
EventLogs,User,False,,,
FaceFrameImages,ID,False,,,
FaceFrameImages,JPegName,False,,,
FaceFrameImages,JPegStream,False,,,
FaceFrameImages,LinkID,True,,ambiguous,
FaceFrameImages,LinkIDCategory,True,Categories,prefix-exact,Category
FaceFrameImages,LinkIDProduct,True,Products,prefix-exact,Product
FaceFrameImages,LinkIDWorkOrder,True,Workorders,prefix-case,WorkOrder
FaceFrameImages,Modified,False,,,
FaceFrameImages,Name,False,,,
FaceFrameImages,TiffName,False,,,
FaceFrameImages,TiffStream,False,,,
FaceFrameImages,Type,False,,,
FaceFrameImages,WMFName,False,,,
FaceFrameImages,WMFStream,False,,,
FaceFrameImagesParts,ID,False,,,
FaceFrameImagesParts,LinkIDCategory,True,Categories,prefix-exact,Category
FaceFrameImagesParts,LinkIDFaceFrameImage,True,FaceFrameImages,prefix-exact,FaceFrameImage
FaceFrameImagesParts,LinkIDPart,True,Parts,prefix-exact,Part
FaceFrameImagesParts,LinkIDWorkOrder,True,Workorders,prefix-case,WorkOrder
FaceFrameImagesParts,Modified,False,,,
FaceFrameImagesSubassemblies,ID,False,,,
FaceFrameImagesSubassemblies,LinkIDCategory,True,Categories,prefix-exact,Category
FaceFrameImagesSubassemblies,LinkIDFaceFrameImage,True,FaceFrameImages,prefix-exact,FaceFrameImage
FaceFrameImagesSubassemblies,LinkIDSubassembly,True,Subassemblies,prefix-exact,Subassembly
FaceFrameImagesSubassemblies,LinkIDWorkOrder,True,Workorders,prefix-case,WorkOrder
FaceFrameImagesSubassemblies,Modified,False,,,
Factory,ID,False,,,
Factory,LinkID,True,,ambiguous,
Factory,LinkIDCategory,True,Categories,prefix-exact,Category
Factory,LinkIDLibrary,True,Libraries,prefix-exact,Library
Factory,LinkIDProject,True,Projects,prefix-exact,Project
Factory,Modified,False,,,
Factory,Name,False,,,
Factory,Type,False,,,
Factory,WorkBook,False,,,
GeneralContacts,CellPhone,False,,,
GeneralContacts,City,False,,,
GeneralContacts,Comments,False,,,
GeneralContacts,Country,False,,,
GeneralContacts,EmailDefault,False,,,
GeneralContacts,FaxDefault,False,,,
GeneralContacts,ID,False,,,
GeneralContacts,LinkID,True,,ambiguous,
GeneralContacts,LinkIDCategory,True,Categories,prefix-exact,Category
GeneralContacts,LinkIDPrimaryContact,True,,prefix-nomatch,PrimaryContact
GeneralContacts,MailCity,False,,,
GeneralContacts,MailCountry,False,,,
GeneralContacts,MailPOBox,False,,,
GeneralContacts,MailState,False,,,
GeneralContacts,MailStreet,False,,,
GeneralContacts,MailZipCode,False,,,
GeneralContacts,Modified,False,,,
GeneralContacts,Name,False,,,
GeneralContacts,OrderPrefix,False,,,
GeneralContacts,POBox,False,,,
GeneralContacts,PhoneDefault,False,,,
GeneralContacts,State,False,,,
GeneralContacts,Street,False,,,
GeneralContacts,Type,False,,,
GeneralContacts,WebSiteDefault,False,,,
GeneralContacts,ZipCode,False,,,
GlobalFiles,ID,False,,,
GlobalFiles,LinkID,True,,ambiguous,
GlobalFiles,LinkIDCategory,True,Categories,prefix-exact,Category
GlobalFiles,LinkIDLibrary,True,Libraries,prefix-exact,Library
GlobalFiles,LinkIDProject,True,Projects,prefix-exact,Project
GlobalFiles,Modified,False,,,
GlobalFiles,Name,False,,,
GlobalFiles,Type,False,,,
GlobalFiles,WorkBook,False,,,
GlobalImages,ID,False,,,
GlobalImages,JPegName,False,,,
GlobalImages,JPegStream,False,,,
GlobalImages,LinkID,True,,ambiguous,
GlobalImages,LinkIDCategory,True,Categories,prefix-exact,Category
GlobalImages,Modified,False,,,
GlobalImages,Name,False,,,
GlobalImages,TiffName,False,,,
GlobalImages,TiffStream,False,,,
GlobalImages,WMFName,False,,,
GlobalImages,WMFStream,False,,,
Hardware,BasePoint,False,,,
Hardware,BasePointX,False,,,
Hardware,BasePointY,False,,,
Hardware,BasePointZ,False,,,
Hardware,Code,False,,,
Hardware,CodeFormula,False,,,
Hardware,Comments,False,,,
Hardware,Comments1,False,,,
Hardware,Comments2,False,,,
Hardware,Comments3,False,,,
Hardware,Depth,False,,,
Hardware,Grain,False,,,
Hardware,GrainFormula,False,,,
Hardware,HandlingCode,False,,,
Hardware,HandlingCodeFormula,False,,,
Hardware,HatchType,False,,,
Hardware,Height,False,,,
Hardware,ID,False,,,
Hardware,Index,False,,,
Hardware,InventoryAvailableQty,False,,,
Hardware,InventoryCurrentQty,False,,,
Hardware,InventoryMinQty,False,,,
Hardware,IsFormulaMaterial,False,,,
Hardware,LinkID,True,,ambiguous,
Hardware,LinkIDBottomFaceRendering,True,,prefix-nomatch,BottomFaceRendering
Hardware,LinkIDCategory,True,Categories,prefix-exact,Category
Hardware,LinkIDCoreRendering,True,,prefix-nomatch,CoreRendering
Hardware,LinkIDDefaultVendor,True,,prefix-nomatch,DefaultVendor
Hardware,LinkIDEQPart,True,,prefix-nomatch,EQPart
Hardware,LinkIDMaterial,True,Materials,prefix-exact,Material
Hardware,LinkIDParentSubAssembly,True,,prefix-nomatch,ParentSubAssembly
Hardware,LinkIDProcessingStations,True,ProcessingStations,prefix-exact,ProcessingStations
Hardware,LinkIDProduct,True,Products,prefix-exact,Product
Hardware,LinkIDProject,True,Projects,prefix-exact,Project
Hardware,LinkIDSheetSize,True,,prefix-nomatch,SheetSize
Hardware,LinkIDSubAssembly,True,Subassemblies,prefix-case,SubAssembly
Hardware,LinkIDTopFaceRendering,True,,prefix-nomatch,TopFaceRendering
Hardware,LinkIDVendor,True,Vendors,prefix-exact,Vendor
Hardware,LinkIDWorkOrder,True,Workorders,prefix-case,WorkOrder
Hardware,MarkUp,False,,,
Hardware,MarkUpFormula,False,,,
Hardware,MaterialCommentsFormula,False,,,
Hardware,MaterialFlipSetting,False,,,
Hardware,Modified,False,,,
Hardware,Name,False,,,
Hardware,PartType,False,,,
Hardware,Quantity,False,,,
Hardware,RotationX,False,,,
Hardware,RotationY,False,,,
Hardware,RotationZ,False,,,
Hardware,ScanCode,False,,,
Hardware,Thickness,False,,,
Hardware,TotalQuantity,False,,,
Hardware,Type,False,,,
Hardware,UnitType,False,,,
Hardware,VendorCost,False,,,
Hardware,WasteFactor,False,,,
Hardware,WasteFactorFormula,False,,,
Hardware,Width,False,,,
HardwareFiles,ID,False,,,
HardwareFiles,LinkID,True,,ambiguous,
HardwareFiles,LinkIDCategory,True,Categories,prefix-exact,Category
HardwareFiles,LinkIDLibrary,True,Libraries,prefix-exact,Library
HardwareFiles,LinkIDProject,True,Projects,prefix-exact,Project
HardwareFiles,Modified,False,,,
HardwareFiles,Name,False,,,
HardwareFiles,Type,False,,,
HardwareFiles,WorkBook,False,,,
HardwareProcessingStations,ID,False,,,
HardwareProcessingStations,LinkID,True,,ambiguous,
HardwareProcessingStations,LinkIDBatch,True,,prefix-nomatch,Batch
HardwareProcessingStations,LinkIDCategory,True,Categories,prefix-exact,Category
HardwareProcessingStations,LinkIDHardware,True,Hardware,prefix-exact,Hardware
HardwareProcessingStations,LinkIDProcessingStation,True,ProcessingStations,prefix-exact,ProcessingStation
HardwareProcessingStations,LinkIDWorkOrder,True,Workorders,prefix-case,WorkOrder
HardwareProcessingStations,Modified,False,,,
HardwareProcessingStations,Name,False,,,
Holidays,DateType,False,,,
Holidays,Day,False,,,
Holidays,ID,False,,,
Holidays,LinkID,True,,ambiguous,
Holidays,LinkIDCategory,True,Categories,prefix-exact,Category
Holidays,Modified,False,,,
Holidays,Month,False,,,
Holidays,MoveWeekend,False,,,
Holidays,Name,False,,,
Holidays,Observed,False,,,
Holidays,PaidHoliday,False,,,
Holidays,Week,False,,,
Holidays,WeekDay,False,,,
Inventory,ID,False,,,
Inventory,InventoryLevel,False,,,
Inventory,InventoryMinimum,False,,,
Inventory,LinkID,True,,ambiguous,
Inventory,LinkIDCategory,True,Categories,prefix-exact,Category
Inventory,LinkIDParent,True,,prefix-nomatch,Parent
Inventory,Modified,False,,,
Inventory,Name,False,,,
Inventory,Type,False,,,
JoinProducts,ID,False,,,
JoinProducts,LinkID,True,,ambiguous,
JoinProducts,LinkIDCategory,True,Categories,prefix-exact,Category
JoinProducts,LinkIDLibrary,True,Libraries,prefix-exact,Library
JoinProducts,Modified,False,,,
JoinProducts,Name,False,,,
JoinProducts,ProductStarterName,False,,,
JoinProducts,SubassemblyName,False,,,
LabelSettings,AllowRotation,False,,,
LabelSettings,CenterDeviation,False,,,
LabelSettings,ID,False,,,
LabelSettings,LabelPrinterHeadOrientation,False,,,
LabelSettings,LinkID,True,,ambiguous,
LabelSettings,LinkIDCategory,True,Categories,prefix-exact,Category
LabelSettings,MarginBorder,False,,,
LabelSettings,MarginMachining,False,,,
LabelSettings,Modified,False,,,
LabelSettings,Name,False,,,
LabelSettings,PlacementType,False,,,
LabelSettings,ShowLocationsInNest,False,,,
Layers,ID,False,,,
Layers,LinkID,True,,ambiguous,
Layers,LinkIDCategory,True,Categories,prefix-exact,Category
Layers,Modified,False,,,
Layers,Name,False,,,
Layers,PartName,False,,,
Layers,RenderLayerType,False,,,
Layers,SavedGroupName,False,,,
Layers,SavedRenderMaterialName,False,,,
Libraries,ID,False,,,
Libraries,LastLibraryRestore,False,,,
Libraries,LinkID,True,,ambiguous,
Libraries,LinkIDCategory,True,Categories,prefix-exact,Category
Libraries,LinkIDTemplate,True,,prefix-nomatch,Template
Libraries,Modified,False,,,
Libraries,Name,False,,,
Libraries,Type,False,,,
Libraries,UpdateFlag,False,,,
Locations,CategoryLevel,False,,,
Locations,DesignFileSyncDate,False,,,
Locations,DrawingName,False,,,
Locations,ID,False,,,
Locations,JPegName,False,,,
Locations,JPegStream,False,,,
Locations,LinkID,True,,ambiguous,
Locations,LinkIDCategory,True,Categories,prefix-exact,Category
Locations,LinkIDLocation,True,Locations,prefix-exact,Location
Locations,LinkIDLocationCopy,True,,prefix-nomatch,LocationCopy
Locations,LinkIDProject,True,Projects,prefix-exact,Project
Locations,Modified,False,,,
Locations,Name,False,,,
Locations,PrintFlag,False,,,
Locations,TiffName,False,,,
Locations,TiffStream,False,,,
Locations,WMFName,False,,,
Locations,WMFStream,False,,,
MachiningTokenImages,ID,False,,,
MachiningTokenImages,JPegName,False,,,
MachiningTokenImages,JPegStream,False,,,
MachiningTokenImages,LinkID,True,,ambiguous,
MachiningTokenImages,LinkIDCategory,True,Categories,prefix-exact,Category
MachiningTokenImages,Modified,False,,,
MachiningTokenImages,Name,False,,,
MachiningTokenImages,TiffName,False,,,
MachiningTokenImages,TiffStream,False,,,
MachiningTokenImages,WMFName,False,,,
MachiningTokenImages,WMFStream,False,,,
Macros,ID,False,,,
Macros,LinkID,True,,ambiguous,
Macros,LinkIDCategory,True,Categories,prefix-exact,Category
Macros,Modified,False,,,
Macros,Name,False,,,
Macros,WorkBook,False,,,
MaterialCheckout,CheckoutDate,False,,,
MaterialCheckout,Comments,False,,,
MaterialCheckout,ID,False,,,
MaterialCheckout,LinkID,True,,ambiguous,
MaterialCheckout,LinkIDCategory,True,Categories,prefix-exact,Category
MaterialCheckout,LinkIDEmployee,True,Employees,prefix-exact,Employee
MaterialCheckout,LinkIDReceivedMaterial,True,ReceivedMaterials,prefix-exact,ReceivedMaterial
MaterialCheckout,LinkIDWorkOrder,True,Workorders,prefix-case,WorkOrder
MaterialCheckout,Modified,False,,,
MaterialCheckout,Name,False,,,
MaterialCheckout,Quantity,False,,,
MaterialCompositions,Code,False,,,
MaterialCompositions,CodeFormula,False,,,
MaterialCompositions,Comments,False,,,
MaterialCompositions,Grain,False,,,
MaterialCompositions,GrainFormula,False,,,
MaterialCompositions,HandlingCode,False,,,
MaterialCompositions,HandlingCodeFormula,False,,,
MaterialCompositions,HatchType,False,,,
MaterialCompositions,ID,False,,,
MaterialCompositions,IsDefault,False,,,
MaterialCompositions,IsFormulaMaterial,False,,,
MaterialCompositions,LinkID,True,,ambiguous,
MaterialCompositions,LinkIDBottomFaceRendering,True,,prefix-nomatch,BottomFaceRendering
MaterialCompositions,LinkIDCategory,True,Categories,prefix-exact,Category
MaterialCompositions,LinkIDCoreRendering,True,,prefix-nomatch,CoreRendering
MaterialCompositions,LinkIDDefaultVendor,True,,prefix-nomatch,DefaultVendor
MaterialCompositions,LinkIDMaterialClass,True,,prefix-nomatch,MaterialClass
MaterialCompositions,LinkIDSheetSize,True,,prefix-nomatch,SheetSize
MaterialCompositions,LinkIDTopFaceRendering,True,,prefix-nomatch,TopFaceRendering
MaterialCompositions,MarkUp,False,,,
MaterialCompositions,MarkUpFormula,False,,,
MaterialCompositions,MaterialCommentsFormula,False,,,
MaterialCompositions,MaterialFlipSetting,False,,,
MaterialCompositions,MaterialLaborValue,False,,,
MaterialCompositions,MaterialLaborValueFormula,False,,,
MaterialCompositions,MaterialXData1,False,,,
MaterialCompositions,MaterialXData1Formula,False,,,
MaterialCompositions,MaterialXData2,False,,,
MaterialCompositions,MaterialXData2Formula,False,,,
MaterialCompositions,MaterialXData3,False,,,
MaterialCompositions,MaterialXData3Formula,False,,,
MaterialCompositions,Modified,False,,,
MaterialCompositions,Name,False,,,
MaterialCompositions,Quantity,False,,,
MaterialCompositions,Region,False,,,
MaterialCompositions,SkipSpreadsheetSync,False,,,
MaterialCompositions,StandardPrice,False,,,
MaterialCompositions,Thickness,False,,,
MaterialCompositions,Type,False,,,
MaterialCompositions,UnitType,False,,,
MaterialCompositions,WasteFactor,False,,,
MaterialCompositions,WasteFactorFormula,False,,,
MaterialCompositionsRealMaterials,ID,False,,,
MaterialCompositionsRealMaterials,LinkIDMaterialComposition,True,MaterialCompositions,prefix-exact,MaterialComposition
MaterialCompositionsRealMaterials,LinkIDRealMaterial,True,RealMaterials,prefix-exact,RealMaterial
MaterialCostBreaks,Comments,False,,,
MaterialCostBreaks,DefaultEstimateCostBreak,False,,,
MaterialCostBreaks,ID,False,,,
MaterialCostBreaks,LinkID,True,,ambiguous,
MaterialCostBreaks,LinkIDCategory,True,Categories,prefix-exact,Category
MaterialCostBreaks,LinkIDMaterial,True,Materials,prefix-exact,Material
MaterialCostBreaks,LinkIDSheet,True,Sheets,prefix-exact,Sheet
MaterialCostBreaks,LinkIDVendor,True,Vendors,prefix-exact,Vendor
MaterialCostBreaks,MaxQty,False,,,
MaterialCostBreaks,MinQty,False,,,
MaterialCostBreaks,Modified,False,,,
MaterialCostBreaks,Name,False,,,
MaterialCostBreaks,SecondLevelConversion,False,,,
MaterialCostBreaks,SecondLevelUnit,False,,,
MaterialCostBreaks,ThirdLevelConversion,False,,,
MaterialCostBreaks,ThirdLevelUnit,False,,,
MaterialCostBreaks,Type,False,,,
MaterialCostBreaks,UnitCost,False,,,
MaterialCostBreaks,UnitPrice,False,,,
MaterialCostBreaks,VendorMaterialCode,False,,,
MaterialCostBreaks,WaitTime,False,,,
MaterialRendering,ID,False,,,
MaterialRendering,LinkID,True,,ambiguous,
MaterialRendering,LinkIDCategory,True,Categories,prefix-exact,Category
MaterialRendering,Modified,False,,,
MaterialRendering,Name,False,,,
MaterialRendering,PictureName,False,,,
MaterialRendering,RGBNumber,False,,,
MaterialStorageLocations,Comments,False,,,
MaterialStorageLocations,ID,False,,,
MaterialStorageLocations,LinkID,True,,ambiguous,
MaterialStorageLocations,LinkIDCategory,True,Categories,prefix-exact,Category
MaterialStorageLocations,Modified,False,,,
MaterialStorageLocations,Name,False,,,
MaterialStorageLocations,PrintFlag,False,,,
MaterialStorageLocations,ScanCode,False,,,
MaterialStorageLocations,UserDefinedID,False,,,
Materials,AssociativeDrawingName,False,,,
Materials,AssociativeDrawingNameFormula,False,,,
Materials,Cloneable,False,,,
Materials,Code,False,,,
Materials,CodeFormula,False,,,
Materials,Comments,False,,,
Materials,CustomSizeAdjustment,False,,,
Materials,CustomSizeAdjustmentFormula,False,,,
Materials,ElvBlockFileName,False,,,
Materials,ElvBlockFileNameFormula,False,,,
Materials,FormulaMaterialAlias,False,,,
Materials,Grain,False,,,
Materials,GrainFormula,False,,,
Materials,HandlingCode,False,,,
Materials,HandlingCodeFormula,False,,,
Materials,HatchName,False,,,
Materials,HatchType,False,,,
Materials,ID,False,,,
Materials,InventoryAvailableQty,False,,,
Materials,InventoryCurrentQty,False,,,
Materials,InventoryMinQty,False,,,
Materials,InventoryValue,False,,,
Materials,IsFormulaMaterial,False,,,
Materials,LinkID,True,,ambiguous,
Materials,LinkIDBottomFaceRendering,True,,prefix-nomatch,BottomFaceRendering
Materials,LinkIDCategory,True,Categories,prefix-exact,Category
Materials,LinkIDCoreRendering,True,,prefix-nomatch,CoreRendering
Materials,LinkIDDefaultVendor,True,,prefix-nomatch,DefaultVendor
Materials,LinkIDMaterialStorageLocation,True,MaterialStorageLocations,prefix-exact,MaterialStorageLocation
Materials,LinkIDProject,True,Projects,prefix-exact,Project
Materials,LinkIDSheetSize,True,,prefix-nomatch,SheetSize
Materials,LinkIDTopFaceRendering,True,,prefix-nomatch,TopFaceRendering
Materials,MarkUp,False,,,
Materials,MarkUpFormula,False,,,
Materials,MaterialCommentsFormula,False,,,
Materials,MaterialEstimateCost,False,,,
Materials,MaterialEstimateCostFormula,False,,,
Materials,MaterialFlipSetting,False,,,
Materials,MaterialLaborValue,False,,,
Materials,MaterialLaborValueFormula,False,,,
Materials,MaterialXData1,False,,,
Materials,MaterialXData1Formula,False,,,
Materials,MaterialXData2,False,,,
Materials,MaterialXData2Formula,False,,,
Materials,MaterialXData3,False,,,
Materials,MaterialXData3Formula,False,,,
Materials,Modified,False,,,
Materials,Name,False,,,
Materials,NameFormula,False,,,
Materials,NonassociativeDrawingName,False,,,
Materials,NonassociativeDrawingNameFormula,False,,,
Materials,Quantity,False,,,
Materials,Region,False,,,
Materials,SkipSpreadsheetSync,False,,,
Materials,StandardPrice,False,,,
Materials,Thickness,False,,,
Materials,ThicknessFormula,False,,,
Materials,Type,False,,,
Materials,UnitType,False,,,
Materials,WasteFactor,False,,,
Materials,WasteFactorFormula,False,,,
MaterialsVendors,ID,False,,,
MaterialsVendors,LinkIDMaterial,True,Materials,prefix-exact,Material
MaterialsVendors,LinkIDVendor,True,Vendors,prefix-exact,Vendor
MicrovellumSystem,ApplicationVersion,False,,,
MicrovellumSystem,BundleSeed,False,,,
MicrovellumSystem,DefaultMaterialFlipValue,False,,,
MicrovellumSystem,EventLogCount,False,,,
MicrovellumSystem,ID,False,,,
MicrovellumSystem,LinkID,True,,ambiguous,
MicrovellumSystem,Modified,False,,,
MicrovellumSystem,Name,False,,,
MicrovellumSystem,ScrapIDSeed,False,,,
MicrovellumSystem,ServerQueueLocation,False,,,
MicrovellumSystem,StorageGroupSeed,False,,,
NestScrap,Grain,False,,,
NestScrap,ID,False,,,
NestScrap,IDScrap,False,,,
NestScrap,Length,False,,,
NestScrap,LinkID,True,,ambiguous,
NestScrap,LinkIDCategory,True,Categories,prefix-exact,Category
NestScrap,LinkIDNestScrapBin,True,NestScrapBin,prefix-exact,NestScrapBin
NestScrap,LinkIDWorkOrderBatch,True,WorkOrderBatches,prefix-exact,WorkOrderBatch
NestScrap,MaterialCode,False,,,
NestScrap,MaterialName,False,,,
NestScrap,Modified,False,,,
NestScrap,Name,False,,,
NestScrap,Quantity,False,,,
NestScrap,Thickness,False,,,
NestScrap,Width,False,,,
NestScrapBin,Description,False,,,
NestScrapBin,ID,False,,,
NestScrapBin,LinkID,True,,ambiguous,
NestScrapBin,LinkIDCategory,True,Categories,prefix-exact,Category
NestScrapBin,Modified,False,,,
NestScrapBin,Name,False,,,
NestingOptimizerSettings,AlwaysDoSecondPass,False,,,
NestingOptimizerSettings,BorderSequence,False,,,
NestingOptimizerSettings,CompositeNestType,False,,,
NestingOptimizerSettings,CreateCompositeJpg,False,,,
NestingOptimizerSettings,DistanceBetweenParts,False,,,
NestingOptimizerSettings,DontRouteSecondPass,False,,,
NestingOptimizerSettings,ID,False,,,
NestingOptimizerSettings,IrregularPartThreshold,False,,,
NestingOptimizerSettings,LastFileName,False,,,
NestingOptimizerSettings,LastNestFileName,False,,,
NestingOptimizerSettings,LinkID,True,,ambiguous,
NestingOptimizerSettings,LinkIDCategory,True,Categories,prefix-exact,Category
NestingOptimizerSettings,MaxQTYPerSheet,False,,,
NestingOptimizerSettings,Modified,False,,,
NestingOptimizerSettings,Name,False,,,
NestingOptimizerSettings,NestBorderRoutingOptimizationType,False,,,
NestingOptimizerSettings,NestFromLeft,False,,,
NestingOptimizerSettings,NestFromTop,False,,,
NestingOptimizerSettings,NestOptimizationStrategy,False,,,
NestingOptimizerSettings,NestPartGroupingType,False,,,
NestingOptimizerSettings,NestRampLength,False,,,
NestingOptimizerSettings,NestRampOffset,False,,,
NestingOptimizerSettings,NestSetMillLocation,False,,,
NestingOptimizerSettings,NestTextFormat,False,,,
NestingOptimizerSettings,NoRotateDia,False,,,
NestingOptimizerSettings,NoRotateDiaSecondary,False,,,
NestingOptimizerSettings,NoRotateQty,False,,,
NestingOptimizerSettings,NoRotateQtySecondary,False,,,
NestingOptimizerSettings,OptimizerPersistence,False,,,
NestingOptimizerSettings,OptimizerPersistenceTrueshape,False,,,
NestingOptimizerSettings,OptimizerRandomSeed,False,,,
NestingOptimizerSettings,OptimizerTimeAllowance,False,,,
NestingOptimizerSettings,OptimizerTrueshapeResolutiondbl,False,,,
NestingOptimizerSettings,ParallelRouteRestriction,False,,,
NestingOptimizerSettings,PartPrecisionEnabled,False,,,
NestingOptimizerSettings,PartRotationRestrictionEnabled,False,,,
NestingOptimizerSettings,PartsWithinPartsEnabled,False,,,
NestingOptimizerSettings,PrimaryGroup,False,,,
NestingOptimizerSettings,RepeatingAttemptTimeout,False,,,
NestingOptimizerSettings,RepeatingNumberOfAttempts,False,,,
NestingOptimizerSettings,RepeatingOptimizationEnabled,False,,,
NestingOptimizerSettings,RestrictPlacementByDrillReach,False,,,
NestingOptimizerSettings,RunFace6NestFirst,False,,,
NestingOptimizerSettings,SecondaryGroup,False,,,
NestingOptimizerSettings,SheetSelectionStrategy,False,,,
NestingOptimizerSettings,SmallPartArea,False,,,
NestingOptimizerSettings,SmallPartDimension,False,,,
NestingOptimizerSettings,SmallPartHandlingType,False,,,
NestingOptimizerSettings,SmallPartsBuffer,False,,,
NestingOptimizerSettings,SmallPartsToCenterEnabled,False,,,
NestingOptimizerSettings,StayDownAvoidSharedConnectors,False,,,
NestingOptimizerSettings,StayDownComplexity,False,,,
NestingOptimizerSettings,StayDownDoFlatSConnections,False,,,
NestingOptimizerSettings,StayDownPlaceSetMillOnSheetsEdge,False,,,
NestingOptimizerSettings,TabAllowRemain,False,,,
NestingOptimizerSettings,TabHeight,False,,,
NestingOptimizerSettings,TabLength1,False,,,
NestingOptimizerSettings,TabLength2,False,,,
NestingOptimizerSettings,TabPlaceQuantity,False,,,
NestingOptimizerSettings,TabSheetTrim,False,,,
NestingOptimizerSettings,TabTool,False,,,
NestingOptimizerSettings,TertiaryGroup,False,,,
NestingOptimizerSettings,ThicknessLeftForFirstPass,False,,,
NestingOptimizerSettings,TrueShapeEnabled,False,,,
OptimizationResults,AlreadyPrinted,False,,,
OptimizationResults,BorderCoordinates,False,,,
OptimizationResults,BorderCoordinatesString,False,,,
OptimizationResults,EBBottomRotated,False,,,
OptimizationResults,EBLeftRotated,False,,,
OptimizationResults,EBRightRotated,False,,,
OptimizationResults,EBTopRotated,False,,,
OptimizationResults,EdgeBoreBottomRotated,False,,,
OptimizationResults,EdgeBoreLeftRotated,False,,,
OptimizationResults,EdgeBoreRightRotated,False,,,
OptimizationResults,EdgeBoreTopRotated,False,,,
OptimizationResults,Face5Barcode,False,,,
OptimizationResults,Face5FileName,False,,,
OptimizationResults,Face6Barcode,False,,,
OptimizationResults,Face6FileName,False,,,
OptimizationResults,FullFace6FileName,False,,,
OptimizationResults,FullFileName,False,,,
OptimizationResults,ID,False,,,
OptimizationResults,Index,False,,,
OptimizationResults,IsScrap,False,,,
OptimizationResults,JPegStream,False,,,
OptimizationResults,LabelImageName,False,,,
OptimizationResults,LabelRotation,False,,,
OptimizationResults,LabelX,False,,,
OptimizationResults,LabelY,False,,,
OptimizationResults,Length,False,,,
OptimizationResults,LinkID,True,,ambiguous,
OptimizationResults,LinkIDChildSheet,True,,prefix-nomatch,ChildSheet
OptimizationResults,LinkIDMaterial,True,Materials,prefix-exact,Material
OptimizationResults,LinkIDPart,True,Parts,prefix-exact,Part
OptimizationResults,LinkIDSheet,True,Sheets,prefix-exact,Sheet
OptimizationResults,LinkIDStack,True,,prefix-nomatch,Stack
OptimizationResults,LinkIDStrip,True,,prefix-nomatch,Strip
OptimizationResults,LinkIDWorkOrder,True,Workorders,prefix-case,WorkOrder
OptimizationResults,LinkIDWorkOrderBatch,True,WorkOrderBatches,prefix-exact,WorkOrderBatch
OptimizationResults,LinkidProcessingStation,False,,,
OptimizationResults,Name,False,,,
OptimizationResults,OptimizedQuantity,False,,,
OptimizationResults,OptimizerFlipped,False,,,
OptimizationResults,OptimizerRotated,False,,,
OptimizationResults,OptimizerRotationAngle,False,,,
OptimizationResults,PrintFlag,False,,,
OptimizationResults,PrintFlags,False,,,
OptimizationResults,ScrapName,False,,,
OptimizationResults,ScrapType,False,,,
OptimizationResults,TiffStream,False,,,
OptimizationResults,Type,False,,,
OptimizationResults,WMFName,False,,,
OptimizationResults,WMFNameFace6,False,,,
OptimizationResults,WMFStream,False,,,
OptimizationResults,WMFStreamDimensioned,False,,,
OptimizationResults,WMFStreamFace6,False,,,
OptimizationResults,WMFStreamFace6Dimensioned,False,,,
OptimizationResults,Width,False,,,
OptimizationResults,XCoord,False,,,
OptimizationResults,YCoord,False,,,
OrderLineItems,Active,False,,,
OrderLineItems,AdjustedUnitPrice,False,,,
OrderLineItems,BaseUnitPrice,False,,,
OrderLineItems,Comments,False,,,
OrderLineItems,CustomTypeName,False,,,
OrderLineItems,DateCreated,False,,,
OrderLineItems,DateDelivered,False,,,
OrderLineItems,DateInvoiced,False,,,
OrderLineItems,Discount,False,,,
OrderLineItems,EstimatedUnitPrice,False,,,
OrderLineItems,ID,False,,,
OrderLineItems,LineNumber,False,,,
OrderLineItems,LineTotal,False,,,
OrderLineItems,LinkID,True,,ambiguous,
OrderLineItems,LinkIDCategory,True,Categories,prefix-exact,Category
OrderLineItems,LinkIDChildSalesOrder,True,,prefix-nomatch,ChildSalesOrder
OrderLineItems,LinkIDCreatorContact,True,,prefix-nomatch,CreatorContact
OrderLineItems,LinkIDMaterial,True,Materials,prefix-exact,Material
OrderLineItems,LinkIDParent,True,,prefix-nomatch,Parent
OrderLineItems,LinkIDProduct,True,Products,prefix-exact,Product
OrderLineItems,Modified,False,,,
OrderLineItems,Name,False,,,
OrderLineItems,Premium,False,,,
OrderLineItems,PreviousStatus,False,,,
OrderLineItems,ProductSKU,False,,,
OrderLineItems,Quantity,False,,,
OrderLineItems,Status,False,,,
OrderLineItems,Type,False,,,
OrderLineItems,UnitOfMeasure,False,,,
Pallets,Comments,False,,,
Pallets,DateCreated,False,,,
Pallets,ID,False,,,
Pallets,LinkID,True,,ambiguous,
Pallets,LinkIDCategory,True,Categories,prefix-exact,Category
Pallets,LinkIDEmployee,True,Employees,prefix-exact,Employee
Pallets,LinkIDLocation,True,Locations,prefix-exact,Location
Pallets,LinkIDShippingTicket,True,ShippingTickets,prefix-exact,ShippingTicket
Pallets,Modified,False,,,
Pallets,Name,False,,,
Pallets,PalletNumber,False,,,
Pallets,PrintFlag,False,,,
PalletsProducts,ID,False,,,
PalletsProducts,LinkIDPallet,True,Pallets,prefix-exact,Pallet
PalletsProducts,LinkIDProduct,True,Products,prefix-exact,Product
ParentStations,ID,False,,,
ParentStations,LinkID,True,,ambiguous,
ParentStations,LinkIDCategory,True,Categories,prefix-exact,Category
ParentStations,Modified,False,,,
ParentStations,Name,False,,,
PartSettings,BorderRampLength,False,,,
PartSettings,BorderRampOffset,False,,,
PartSettings,DXF3DBorders,False,,,
PartSettings,ID,False,,,
PartSettings,LinkID,True,,ambiguous,
PartSettings,LinkIDCategory,True,Categories,prefix-exact,Category
PartSettings,Modified,False,,,
PartSettings,Name,False,,,
PartSettings,RemoveLeads,False,,,
PartSettings,RotationType,False,,,
Parts,AdjustedCutPartLength,False,,,
Parts,AdjustedCutPartWidth,False,,,
Parts,Barcode,False,,,
Parts,BasePoint,False,,,
Parts,BasePointX,False,,,
Parts,BasePointY,False,,,
Parts,BasePointZ,False,,,
Parts,Code,False,,,
Parts,CodeFormula,False,,,
Parts,Comments,False,,,
Parts,Comments1,False,,,
Parts,Comments2,False,,,
Parts,Comments3,False,,,
Parts,CutPartLength,False,,,
Parts,CutPartWidth,False,,,
Parts,DXFFileName,False,,,
Parts,DontIncludeRoutesinNestBorder,False,,,
Parts,DrawToken2DElv,False,,,
Parts,DrawToken3D,False,,,
Parts,EdgeNameBottom,False,,,
Parts,EdgeNameBottomWMF,False,,,
Parts,EdgeNameLeft,False,,,
Parts,EdgeNameLeftWMF,False,,,
Parts,EdgeNameRight,False,,,
Parts,EdgeNameRightWMF,False,,,
Parts,EdgeNameTop,False,,,
Parts,EdgeNameTopWMF,False,,,
Parts,EdgeSequence,False,,,
Parts,Face6Barcode,False,,,
Parts,Face6FileName,False,,,
Parts,FileName,False,,,
Parts,FinishPriority,False,,,
Parts,FullFace6FileName,False,,,
Parts,FullFileName,False,,,
Parts,Grain,False,,,
Parts,GrainFormula,False,,,
Parts,HandlingCode,False,,,
Parts,HandlingCodeFormula,False,,,
Parts,HatchType,False,,,
Parts,HboreBarcodeLeft,False,,,
Parts,HboreBarcodeLower,False,,,
Parts,HboreBarcodeRight,False,,,
Parts,HboreBarcodeUpper,False,,,
Parts,HboreFileNameLeft,False,,,
Parts,HboreFileNameLower,False,,,
Parts,HboreFileNameRight,False,,,
Parts,HboreFileNameUpper,False,,,
Parts,ID,False,,,
Parts,Index,False,,,
Parts,InventoryAvailableQty,False,,,
Parts,InventoryCurrentQty,False,,,
Parts,InventoryMinQty,False,,,
Parts,IrregularShape,False,,,
Parts,IsFormulaMaterial,False,,,
Parts,JPegStream,False,,,
Parts,LabelPosition,False,,,
Parts,Length,False,,,
Parts,LinkID,True,,ambiguous,
Parts,LinkIDBottomFaceRendering,True,,prefix-nomatch,BottomFaceRendering
Parts,LinkIDCategory,True,Categories,prefix-exact,Category
Parts,LinkIDCoreRendering,True,,prefix-nomatch,CoreRendering
Parts,LinkIDDefaultVendor,True,,prefix-nomatch,DefaultVendor
Parts,LinkIDEQPart,True,,prefix-nomatch,EQPart
Parts,LinkIDMaterial,True,Materials,prefix-exact,Material
Parts,LinkIDParentSubAssembly,True,,prefix-nomatch,ParentSubAssembly
Parts,LinkIDProcessingStations,True,ProcessingStations,prefix-exact,ProcessingStations
Parts,LinkIDProduct,True,Products,prefix-exact,Product
Parts,LinkIDProject,True,Projects,prefix-exact,Project
Parts,LinkIDSheetSize,True,,prefix-nomatch,SheetSize
Parts,LinkIDSubAssembly,True,Subassemblies,prefix-case,SubAssembly
Parts,LinkIDTopFaceRendering,True,,prefix-nomatch,TopFaceRendering
Parts,LinkIDVendor,True,Vendors,prefix-exact,Vendor
Parts,LinkIDWorkOrder,True,Workorders,prefix-case,WorkOrder
Parts,Location1,False,,,
Parts,Location2,False,,,
Parts,MachinePoint,False,,,
Parts,MarkUp,False,,,
Parts,MarkUpFormula,False,,,
Parts,MaterialCode,False,,,
Parts,MaterialComments,False,,,
Parts,MaterialCommentsFormula,False,,,
Parts,MaterialFlipSetting,False,,,
Parts,MaterialName,False,,,
Parts,MaterialThickness,False,,,
Parts,MaterialType,False,,,
Parts,Modified,False,,,
Parts,Name,False,,,
Parts,OverridePartCutLength,False,,,
Parts,OverridePartCutThickness,False,,,
Parts,OverridePartCutWidth,False,,,
Parts,Par1,False,,,
Parts,Par2,False,,,
Parts,Par3,False,,,
Parts,PartType,False,,,
Parts,PerfectGrainCaption,False,,,
Parts,PrintFlag,False,,,
Parts,Processed,False,,,
Parts,Quantity,False,,,
Parts,RotationX,False,,,
Parts,RotationY,False,,,
Parts,RotationZ,False,,,
Parts,Row_ID,False,,,
Parts,RunFieldNameFace5,False,,,
Parts,RunFieldNameFace6,False,,,
Parts,ScanCode,False,,,
Parts,Thickness,False,,,
Parts,TiffStream,False,,,
Parts,TotalQuantity,False,,,
Parts,Type,False,,,
Parts,UDID,False,,,
Parts,UnitType,False,,,
Parts,VendorCost,False,,,
Parts,WMFName,False,,,
Parts,WMFNameFace6,False,,,
Parts,WMFStream,False,,,
Parts,WMFStreamDimensioned,False,,,
Parts,WMFStreamFace6,False,,,
Parts,WMFStreamFace6Dimensioned,False,,,
Parts,WasteFactor,False,,,
Parts,WasteFactorFormula,False,,,
Parts,Width,False,,,
Parts,XD01,False,,,
Parts,XD02,False,,,
Parts,XD03,False,,,
Parts,XD04,False,,,
Parts,XD05,False,,,
Parts,XD06,False,,,
Parts,XD07,False,,,
Parts,XD08,False,,,
Parts,XD09,False,,,
Parts,XD10,False,,,
Parts,XD11,False,,,
Parts,XD12,False,,,
Parts,XD13,False,,,
Parts,XD14,False,,,
Parts,XD15,False,,,
Parts,XD16,False,,,
Parts,XD17,False,,,
Parts,XD18,False,,,
PartsProcessingStations,ID,False,,,
PartsProcessingStations,LinkIDBatch,True,,prefix-nomatch,Batch
PartsProcessingStations,LinkIDPart,True,Parts,prefix-exact,Part
PartsProcessingStations,LinkIDProcessingStation,True,ProcessingStations,prefix-exact,ProcessingStation
PartsProcessingStations,LinkIDWorkOrder,True,Workorders,prefix-case,WorkOrder
PlacedSheets,BarCode,False,,,
PlacedSheets,CPOUTName,False,,,
PlacedSheets,CPOUTNumber,False,,,
PlacedSheets,Code,False,,,
PlacedSheets,CodeFormula,False,,,
PlacedSheets,Comments,False,,,
PlacedSheets,Face6BarCode,False,,,
PlacedSheets,Face6FileName,False,,,
PlacedSheets,FileName,False,,,
PlacedSheets,FullFace6FileName,False,,,
PlacedSheets,FullFileName,False,,,
PlacedSheets,Grain,False,,,
PlacedSheets,GrainFormula,False,,,
PlacedSheets,HandlingCode,False,,,
PlacedSheets,HandlingCodeFormula,False,,,
PlacedSheets,HatchType,False,,,
PlacedSheets,ID,False,,,
PlacedSheets,Index,False,,,
PlacedSheets,InventoryAvailableQty,False,,,
PlacedSheets,InventoryCurrentQty,False,,,
PlacedSheets,InventoryMinQty,False,,,
PlacedSheets,IsFormulaMaterial,False,,,
PlacedSheets,JPegStream,False,,,
PlacedSheets,LeadingLengthTrim,False,,,
PlacedSheets,LeadingLengthTrimFormula,False,,,
PlacedSheets,LeadingWidthTrim,False,,,
PlacedSheets,LeadingWidthTrimFormula,False,,,
PlacedSheets,Length,False,,,
PlacedSheets,LengthFormula,False,,,
PlacedSheets,LinkID,True,,ambiguous,
PlacedSheets,LinkIDBottomFaceRendering,True,,prefix-nomatch,BottomFaceRendering
PlacedSheets,LinkIDCategory,True,Categories,prefix-exact,Category
PlacedSheets,LinkIDCoreRendering,True,,prefix-nomatch,CoreRendering
PlacedSheets,LinkIDDefaultVendor,True,,prefix-nomatch,DefaultVendor
PlacedSheets,LinkIDMaterial,True,Materials,prefix-exact,Material
PlacedSheets,LinkIDMaterialStorageLocation,True,MaterialStorageLocations,prefix-exact,MaterialStorageLocation
PlacedSheets,LinkIDProcessingStation,True,ProcessingStations,prefix-exact,ProcessingStation
PlacedSheets,LinkIDSheetSize,True,,prefix-nomatch,SheetSize
PlacedSheets,LinkIDStack,True,,prefix-nomatch,Stack
PlacedSheets,LinkIDSubType,True,,prefix-nomatch,SubType
PlacedSheets,LinkIDTopFaceRendering,True,,prefix-nomatch,TopFaceRendering
PlacedSheets,LinkIDWorkOrder,True,Workorders,prefix-case,WorkOrder
PlacedSheets,LinkIDWorkOrderBatch,True,WorkOrderBatches,prefix-exact,WorkOrderBatch
PlacedSheets,MarkUp,False,,,
PlacedSheets,MarkUpFormula,False,,,
PlacedSheets,MaterialCommentsFormula,False,,,
PlacedSheets,MaterialCost,False,,,
PlacedSheets,MaterialCostFormula,False,,,
PlacedSheets,MaterialFlipSetting,False,,,
PlacedSheets,Modified,False,,,
PlacedSheets,Name,False,,,
PlacedSheets,OptimizationPriority,False,,,
PlacedSheets,OptimizationPriorityFormula,False,,,
PlacedSheets,OptimizationType,False,,,
PlacedSheets,QtyFormula,False,,,
PlacedSheets,Quantity,False,,,
PlacedSheets,SawFileName,False,,,
PlacedSheets,Scrap,False,,,
PlacedSheets,ScrapType,False,,,
PlacedSheets,SpredsheetColumn,False,,,
PlacedSheets,Thickness,False,,,
PlacedSheets,TiffStream,False,,,
PlacedSheets,TrailingLengthTrim,False,,,
PlacedSheets,TrailingLengthTrimFormula,False,,,
PlacedSheets,TrailingWidthTrim,False,,,
PlacedSheets,TrailingWidthTrimFormula,False,,,
PlacedSheets,Type,False,,,
PlacedSheets,UnitType,False,,,
PlacedSheets,WMFStream,False,,,
PlacedSheets,WMFStreamFace6,False,,,
PlacedSheets,WasteFactor,False,,,
PlacedSheets,WasteFactorFormula,False,,,
PlacedSheets,Width,False,,,
PlacedSheets,WidthFormula,False,,,
PlacedSheets,Yield,False,,,
PlacedSheetsVendors,ID,False,,,
PlacedSheetsVendors,LinkIDMaterial,True,Materials,prefix-exact,Material
PlacedSheetsVendors,LinkIDVendor,True,Vendors,prefix-exact,Vendor
PlacedSheetsVendors,LinkIDWorkOrder,True,Workorders,prefix-case,WorkOrder
ProcessingStationAssociates,ID,False,,,
ProcessingStationAssociates,Index,False,,,
ProcessingStationAssociates,LinkID,True,,ambiguous,
ProcessingStationAssociates,LinkIDChild,True,,prefix-nomatch,Child
ProcessingStationAssociates,LinkIDParent,True,,prefix-nomatch,Parent
ProcessingStationAssociates,Type,False,,,
ProcessingStations,ApplyPartsAll,False,,,
ProcessingStations,ApplyPartsContainsFace6Machining,False,,,
ProcessingStations,ApplyPartsContainsFaceMachining,False,,,
ProcessingStations,ApplyPartsContainsHboreMachining,False,,,
ProcessingStations,ApplyPartsWithAnyMachining,False,,,
ProcessingStations,ApplyPartsWithFace6Machining,False,,,
ProcessingStations,ApplyPartsWithHBoreMachining,False,,,
ProcessingStations,ApplyPartsWithNoMachining,False,,,
ProcessingStations,AutoAssignRulesOnWOCreation,False,,,
ProcessingStations,CreateSubFolders,False,,,
ProcessingStations,FolderDestination,False,,,
ProcessingStations,ID,False,,,
ProcessingStations,LabelImageDestination,False,,,
ProcessingStations,LabelImageSize,False,,,
ProcessingStations,LabelImageType,False,,,
ProcessingStations,LabelImageZoom,False,,,
ProcessingStations,LinkID,True,,ambiguous,
ProcessingStations,LinkIDBundleItemSetting,True,BundleItemSettings,prefix-exact,BundleItemSetting
ProcessingStations,LinkIDCategory,True,Categories,prefix-exact,Category
ProcessingStations,LinkIDLabelSettings,True,LabelSettings,prefix-exact,LabelSettings
ProcessingStations,LinkIDNestOptimizationSetting,True,,prefix-nomatch,NestOptimizationSetting
ProcessingStations,LinkIDPartSetting,True,PartSettings,prefix-exact,PartSetting
ProcessingStations,LinkIDSawOptimizationSetting,True,,prefix-nomatch,SawOptimizationSetting
ProcessingStations,LinkIDScrapOptimizationSetting,True,,prefix-nomatch,ScrapOptimizationSetting
ProcessingStations,LinkIDToolFile,True,ToolFiles,prefix-exact,ToolFile
ProcessingStations,Modified,False,,,
ProcessingStations,Name,False,,,
ProcessingStations,OptimizerPerformanceMaxTimePerTest,False,,,
ProcessingStations,OptimizerPerformanceResultsLogPath,False,,,
ProcessingStations,OptimizerPerformanceTestCount,False,,,
ProcessingStations,OptimizerVersion,False,,,
ProcessingStations,PartPictureSize,False,,,
ProcessingStations,PartPictureType,False,,,
ProcessingStations,PartPictureZoom,False,,,
ProcessingStations,PartSizeAdjustmentMode,False,,,
ProcessingStations,ScrapDimAndLogic,False,,,
ProcessingStations,ScrapMinArea,False,,,
ProcessingStations,ScrapMinDim,False,,,
ProcessingStations,ScrapOverrideTrims,False,,,
ProcessingStations,ScrapSave,False,,,
ProcessingStations,ScrapTrimLeadingLength,False,,,
ProcessingStations,ScrapTrimLeadingWidth,False,,,
ProcessingStations,ScrapTrimTrailingLength,False,,,
ProcessingStations,ScrapTrimTrailingWidth,False,,,
ProcessingStations,ScrapUse,False,,,
ProcessingStations,Type,False,,,
ProcessingStations,Units,False,,,
ProcessingStations,UseLegacyWMFImageType,False,,,
ProcessingStations,WMFFolderDestination,False,,,
ProductCosts,ID,False,,,
ProductCosts,LinkID,True,,ambiguous,
ProductCosts,LinkIDCategory,True,Categories,prefix-exact,Category
ProductCosts,LinkIDLocation,True,Locations,prefix-exact,Location
ProductCosts,LinkIDProduct,True,Products,prefix-exact,Product
ProductCosts,LinkIDProject,True,Projects,prefix-exact,Project
ProductCosts,Modified,False,,,
ProductCosts,Name,False,,,
ProductCosts,ProductCostAdjustment,False,,,
ProductCosts,ProductCostEngineering,False,,,
ProductCosts,ProductCostEngineeringMarkup,False,,,
ProductCosts,ProductCostInstall,False,,,
ProductCosts,ProductCostInstallMarkup,False,,,
ProductCosts,ProductCostInstallTax,False,,,
ProductCosts,ProductCostLabor,False,,,
ProductCosts,ProductCostLaborMarkup,False,,,
ProductCosts,ProductCostLaborTax,False,,,
ProductCosts,ProductCostLaborTotal,False,,,
ProductCosts,ProductCostMaterial,False,,,
ProductCosts,ProductCostMaterialMarkup,False,,,
ProductCosts,ProductCostMaterialTax,False,,,
ProductCosts,ProductCostMaterialTotal,False,,,
ProductCosts,ProductCostOverhead,False,,,
ProductCosts,ProductCostOverheadMarkup,False,,,
ProductCosts,ProductCostProfit,False,,,
ProductCosts,ProductCostProfitMarkup,False,,,
ProductCosts,ProductCostShipping,False,,,
ProductCosts,ProductCostShippingMarkup,False,,,
ProductCosts,ProductCostShippingTax,False,,,
ProductCosts,ProductCostTime,False,,,
ProductCosts,ProductCostTotal,False,,,
ProductGroups,ID,False,,,
ProductGroups,JPegName,False,,,
ProductGroups,JPegStream,False,,,
ProductGroups,LinkID,True,,ambiguous,
ProductGroups,LinkIDCategory,True,Categories,prefix-exact,Category
ProductGroups,Modified,False,,,
ProductGroups,Name,False,,,
ProductGroups,TiffName,False,,,
ProductGroups,TiffStream,False,,,
ProductGroups,WMFName,False,,,
ProductGroups,WMFStream,False,,,
ProductGroups,X,False,,,
ProductGroups,Y,False,,,
ProductGroups,Z,False,,,
ProductMap,Depth,False,,,
ProductMap,Height,False,,,
ProductMap,ID,False,,,
ProductMap,LinkID,True,,ambiguous,
ProductMap,LinkIDCategory,True,Categories,prefix-exact,Category
ProductMap,LinkIDLibrary,True,Libraries,prefix-exact,Library
ProductMap,LinkIDProduct,True,Products,prefix-exact,Product
ProductMap,Modified,False,,,
ProductMap,Name,False,,,
ProductMap,Width,False,,,
ProductPrices,ID,False,,,
ProductPrices,LinkID,True,,ambiguous,
ProductPrices,LinkIDCategory,True,Categories,prefix-exact,Category
ProductPrices,LinkIDLocation,True,Locations,prefix-exact,Location
ProductPrices,LinkIDProduct,True,Products,prefix-exact,Product
ProductPrices,LinkIDProject,True,Projects,prefix-exact,Project
ProductPrices,Modified,False,,,
ProductPrices,Name,False,,,
ProductPrices,ProductPrice,False,,,
ProductPrices,ProductPriceAdjustment,False,,,
ProductPrices,ProductPriceEngineering,False,,,
ProductPrices,ProductPriceEngineeringMarkup,False,,,
ProductPrices,ProductPriceInstall,False,,,
ProductPrices,ProductPriceInstallMarkup,False,,,
ProductPrices,ProductPriceInstallTax,False,,,
ProductPrices,ProductPriceManufacturingTax,False,,,
ProductPrices,ProductPriceMarkup,False,,,
ProductPrices,ProductPriceOverhead,False,,,
ProductPrices,ProductPriceOverheadMarkup,False,,,
ProductPrices,ProductPriceShipping,False,,,
ProductPrices,ProductPriceShippingMarkup,False,,,
ProductPrices,ProductPriceShippingTax,False,,,
ProductPrices,ProductPriceTotal,False,,,
ProductPromptImages,ID,False,,,
ProductPromptImages,JPegName,False,,,
ProductPromptImages,JPegStream,False,,,
ProductPromptImages,LinkID,True,,ambiguous,
ProductPromptImages,LinkIDCategory,True,Categories,prefix-exact,Category
ProductPromptImages,Modified,False,,,
ProductPromptImages,Name,False,,,
ProductPromptImages,TiffName,False,,,
ProductPromptImages,TiffStream,False,,,
ProductPromptImages,Type,False,,,
ProductPromptImages,WMFName,False,,,
ProductPromptImages,WMFStream,False,,,
Products,ActivityPath,False,,,
Products,ActivityPathShort,False,,,
Products,AncorType,False,,,
Products,Angle,False,,,
Products,Comments,False,,,
Products,Comments1,False,,,
Products,Comments2,False,,,
Products,Comments3,False,,,
Products,CopiedLinkID,True,,suffix-nomatch,Copied
Products,CopiedLinkIDList,True,,contains-nomatch,List
Products,DateShipped,False,,,
Products,Depth,False,,,
Products,DrawIndex,False,,,
Products,Extruded,False,,,
Products,Height,False,,,
Products,ID,False,,,
Products,IsBuyOut,False,,,
Products,ItemNumber,False,,,
Products,JPegName,False,,,
Products,JPegStream,False,,,
Products,LinkID,True,,ambiguous,
Products,LinkIDCategory,True,Categories,prefix-exact,Category
Products,LinkIDLibrary,True,Libraries,prefix-exact,Library
Products,LinkIDLocation,True,Locations,prefix-exact,Location
Products,LinkIDProductGroup,True,ProductGroups,prefix-exact,ProductGroup
Products,LinkIDProject,True,Projects,prefix-exact,Project
Products,LinkIDRelease,True,,prefix-nomatch,Release
Products,LinkIDSpecificationGroup,True,SpecificationGroups,prefix-exact,SpecificationGroup
Products,LinkIDWall,True,,prefix-nomatch,Wall
Products,LinkIDWorkOrder,True,Workorders,prefix-case,WorkOrder
Products,Modified,False,,,
Products,Name,False,,,
Products,PerfectGrainChar,False,,,
Products,PrintFlag,False,,,
Products,PrintFlags,False,,,
Products,ProductSpecGroupName,False,,,
Products,Quantity,False,,,
Products,QuantityShipped,False,,,
Products,QuoteName,False,,,
Products,RoomComponentType,False,,,
Products,RoomName,False,,,
Products,Row_ID,False,,,
Products,ScanCode,False,,,
Products,ShippingTicketName,False,,,
Products,TiffName,False,,,
Products,TiffStream,False,,,
Products,Type,False,,,
Products,UITreeFilter,False,,,
Products,WMFName,False,,,
Products,WMFStream,False,,,
Products,Width,False,,,
Products,WorkBook,False,,,
Products,WorkOrderName,False,,,
Products,X,False,,,
Products,Y,False,,,
Products,Z,False,,,
ProductsPrompts,ID,False,,,
ProductsPrompts,LinkIDProduct,True,Products,prefix-exact,Product
ProductsPrompts,LinkIDPrompt,True,Prompts,prefix-exact,Prompt
ProductsPrompts,LinkIDSubassembly,True,Subassemblies,prefix-exact,Subassembly
ProductsPrompts,LinkIDWorkOrder,True,Workorders,prefix-case,WorkOrder
ProjectProperties,GlobalVariableName,False,,,
ProjectProperties,ID,False,,,
ProjectProperties,LinkID,True,,ambiguous,
ProjectProperties,LinkIDCategory,True,Categories,prefix-exact,Category
ProjectProperties,LinkIDLocation,True,Locations,prefix-exact,Location
ProjectProperties,LinkIDProject,True,Projects,prefix-exact,Project
ProjectProperties,Modified,False,,,
ProjectProperties,Name,False,,,
ProjectProperties,ProjectVariableName,False,,,
ProjectProperties,ProjectWizardVariableName,False,,,
ProjectProperties,PropertyName,False,,,
ProjectProperties,PropertyValue,False,,,
ProjectProperties,SpecificationGroupName,False,,,
ProjectProperties,TitleBlockAttributeName,False,,,
ProjectProperties,TitleBlockName,False,,,
ProjectWizardFiles,ID,False,,,
ProjectWizardFiles,LinkID,True,,ambiguous,
ProjectWizardFiles,LinkIDCategory,True,Categories,prefix-exact,Category
ProjectWizardFiles,LinkIDLibrary,True,Libraries,prefix-exact,Library
ProjectWizardFiles,LinkIDProject,True,Projects,prefix-exact,Project
ProjectWizardFiles,Modified,False,,,
ProjectWizardFiles,Name,False,,,
ProjectWizardFiles,Type,False,,,
ProjectWizardFiles,WorkBook,False,,,
ProjectWorkOrderActivities,ActualValue,False,,,
ProjectWorkOrderActivities,ID,False,,,
ProjectWorkOrderActivities,LinkID,True,,ambiguous,
ProjectWorkOrderActivities,LinkIDCategory,True,Categories,prefix-exact,Category
ProjectWorkOrderActivities,LinkIDProduct,True,Products,prefix-exact,Product
ProjectWorkOrderActivities,LinkIDProject,True,Projects,prefix-exact,Project
ProjectWorkOrderActivities,LinkIDWorkOrder,True,Workorders,prefix-case,WorkOrder
ProjectWorkOrderActivities,LinkIDWorkOrderActivity,True,WorkOrderActivities,prefix-exact,WorkOrderActivity
ProjectWorkOrderActivities,Modified,False,,,
ProjectWorkOrderActivities,Name,False,,,
ProjectWorkOrderActivities,ScheduledValue,False,,,
Projects,Architect,False,,,
Projects,Contractor,False,,,
Projects,DateCreated,False,,,
Projects,DateLastOpened,False,,,
Projects,Draftsman,False,,,
Projects,Estimator,False,,,
Projects,GeneralContact,False,,,
Projects,ID,False,,,
Projects,IsInactive,False,,,
Projects,JobAddress,False,,,
Projects,JobDescription,False,,,
Projects,JobEMail,False,,,
Projects,JobFax,False,,,
Projects,JobNumber,False,,,
Projects,JobPhone,False,,,
Projects,LinkID,True,,ambiguous,
Projects,LinkIDCategory,True,Categories,prefix-exact,Category
Projects,LinkIDCustomerCompany,True,,prefix-nomatch,CustomerCompany
Projects,LocationCoordinates,False,,,
Projects,Modified,False,,,
Projects,Name,False,,,
Projects,PrintFlag,False,,,
Projects,ProjectBudget,False,,,
Projects,ProjectManager,False,,,
Projects,ProjectNumber,False,,,
Projects,ScheduledCompletionDate,False,,,
Projects,ScheduledStartDate,False,,,
Projects,TotalProjectCost,False,,,
Projects,Type,False,,,
PromptMap,ID,False,,,
PromptMap,LinkID,True,,ambiguous,
PromptMap,LinkIDCategory,True,Categories,prefix-exact,Category
PromptMap,LinkIDLibrary,True,Libraries,prefix-exact,Library
PromptMap,LinkIDProduct,True,Products,prefix-exact,Product
PromptMap,MappingName,False,,,
PromptMap,Modified,False,,,
PromptMap,Name,False,,,
Prompts,ControlType,False,,,
Prompts,HideOnReports,False,,,
Prompts,ID,False,,,
Prompts,IsQuantity,False,,,
Prompts,LinkID,True,,ambiguous,
Prompts,LinkIDCategory,True,Categories,prefix-exact,Category
Prompts,LinkIDProduct,True,Products,prefix-exact,Product
Prompts,LinkIDSubassembly,True,Subassemblies,prefix-exact,Subassembly
Prompts,LinkIDWorkOrder,True,Workorders,prefix-case,WorkOrder
Prompts,Modified,False,,,
Prompts,Name,False,,,
Prompts,Type,False,,,
Prompts,Value,False,,,
PurchaseOrders,AccountNumber,False,,,
PurchaseOrders,BillToAddress,False,,,
PurchaseOrders,Comments,False,,,
PurchaseOrders,ConfirmationNumber,False,,,
PurchaseOrders,DateCreated,False,,,
PurchaseOrders,DateUpdated,False,,,
PurchaseOrders,DocumentActions,False,,,
PurchaseOrders,ExpectedArrivalDate,False,,,
PurchaseOrders,ID,False,,,
PurchaseOrders,LinkID,True,,ambiguous,
PurchaseOrders,LinkIDCategory,True,Categories,prefix-exact,Category
PurchaseOrders,LinkIDEmployee,True,Employees,prefix-exact,Employee
PurchaseOrders,LinkIDProject,True,Projects,prefix-exact,Project
PurchaseOrders,LinkIDUpdatingEmployee,True,,prefix-nomatch,UpdatingEmployee
PurchaseOrders,LinkIDVendor,True,Vendors,prefix-exact,Vendor
PurchaseOrders,LinkIDVendorContact,True,,prefix-nomatch,VendorContact
PurchaseOrders,Modified,False,,,
PurchaseOrders,Name,False,,,
PurchaseOrders,Other,False,,,
PurchaseOrders,PoReport,False,,,
PurchaseOrders,PrintFlag,False,,,
PurchaseOrders,PurchaseDate,False,,,
PurchaseOrders,PurchaseOrderNumber,False,,,
PurchaseOrders,ShipToAddress,False,,,
PurchaseOrders,ShippingAndHandling,False,,,
PurchaseOrders,Status,False,,,
PurchaseOrders,TaxPercentage,False,,,
PurchaseOrders,Type,False,,,
PurchasedMaterial,Code,False,,,
PurchasedMaterial,Cost,False,,,
PurchasedMaterial,DateCreated,False,,,
PurchasedMaterial,ID,False,,,
PurchasedMaterial,LinkID,True,,ambiguous,
PurchasedMaterial,LinkIDCategory,True,Categories,prefix-exact,Category
PurchasedMaterial,LinkIDCostBreak,True,,prefix-nomatch,CostBreak
PurchasedMaterial,LinkIDMaterial,True,Materials,prefix-exact,Material
PurchasedMaterial,LinkIDPart,True,Parts,prefix-exact,Part
PurchasedMaterial,LinkIDProduct,True,Products,prefix-exact,Product
PurchasedMaterial,LinkIDProject,True,Projects,prefix-exact,Project
PurchasedMaterial,LinkIDPurchaseOrder,True,PurchaseOrders,prefix-exact,PurchaseOrder
PurchasedMaterial,LinkIDSheet,True,Sheets,prefix-exact,Sheet
PurchasedMaterial,LinkIDWorkOrder,True,Workorders,prefix-case,WorkOrder
PurchasedMaterial,Modified,False,,,
PurchasedMaterial,Name,False,,,
PurchasedMaterial,Quantity,False,,,
PurchasedMaterial,QuantityAllocated,False,,,
PurchasedMaterial,QuantityDamaged,False,,,
PurchasedMaterial,QuantityOnBackOrder,False,,,
PurchasedMaterial,QuantityOrdered,False,,,
PurchasedMaterial,QuantityReceived,False,,,
PurchasedMaterial,Type,False,,,
PurchasedMaterial,UnitType,False,,,
RealMaterials,Code,False,,,
RealMaterials,CodeFormula,False,,,
RealMaterials,Comments,False,,,
RealMaterials,Grain,False,,,
RealMaterials,GrainFormula,False,,,
RealMaterials,HandlingCode,False,,,
RealMaterials,HandlingCodeFormula,False,,,
RealMaterials,HatchType,False,,,
RealMaterials,ID,False,,,
RealMaterials,IsFormulaMaterial,False,,,
RealMaterials,LinkID,True,,ambiguous,
RealMaterials,LinkIDBottomFaceRendering,True,,prefix-nomatch,BottomFaceRendering
RealMaterials,LinkIDCategory,True,Categories,prefix-exact,Category
RealMaterials,LinkIDCoreRendering,True,,prefix-nomatch,CoreRendering
RealMaterials,LinkIDDefaultVendor,True,,prefix-nomatch,DefaultVendor
RealMaterials,LinkIDSheetSize,True,,prefix-nomatch,SheetSize
RealMaterials,LinkIDTopFaceRendering,True,,prefix-nomatch,TopFaceRendering
RealMaterials,MarkUp,False,,,
RealMaterials,MarkUpFormula,False,,,
RealMaterials,MaterialCommentsFormula,False,,,
RealMaterials,MaterialFlipSetting,False,,,
RealMaterials,MaterialLaborValue,False,,,
RealMaterials,MaterialLaborValueFormula,False,,,
RealMaterials,MaterialXData1,False,,,
RealMaterials,MaterialXData1Formula,False,,,
RealMaterials,MaterialXData2,False,,,
RealMaterials,MaterialXData2Formula,False,,,
RealMaterials,MaterialXData3,False,,,
RealMaterials,MaterialXData3Formula,False,,,
RealMaterials,Modified,False,,,
RealMaterials,Name,False,,,
RealMaterials,Quantity,False,,,
RealMaterials,Region,False,,,
RealMaterials,SKU,False,,,
RealMaterials,SkipSpreadsheetSync,False,,,
RealMaterials,StandardPrice,False,,,
RealMaterials,Thickness,False,,,
RealMaterials,Type,False,,,
RealMaterials,UnitType,False,,,
RealMaterials,WasteFactor,False,,,
RealMaterials,WasteFactorFormula,False,,,
ReceivedMaterials,Comments,False,,,
ReceivedMaterials,ID,False,,,
ReceivedMaterials,InventoryValue,False,,,
ReceivedMaterials,LinkID,True,,ambiguous,
ReceivedMaterials,LinkIDCategory,True,Categories,prefix-exact,Category
ReceivedMaterials,LinkIDEmployee,True,Employees,prefix-exact,Employee
ReceivedMaterials,LinkIDMaterial,True,Materials,prefix-exact,Material
ReceivedMaterials,LinkIDMaterialStorageLocation,True,MaterialStorageLocations,prefix-exact,MaterialStorageLocation
ReceivedMaterials,LinkIDPurchaseOrder,True,PurchaseOrders,prefix-exact,PurchaseOrder
ReceivedMaterials,LinkIDPurchasedMaterial,True,PurchasedMaterial,prefix-exact,PurchasedMaterial
ReceivedMaterials,LinkIDSheet,True,Sheets,prefix-exact,Sheet
ReceivedMaterials,Modified,False,,,
ReceivedMaterials,Name,False,,,
ReceivedMaterials,PrintFlag,False,,,
ReceivedMaterials,PrintQuantity,False,,,
ReceivedMaterials,Quantity,False,,,
ReceivedMaterials,QuantityCheckedOut,False,,,
ReceivedMaterials,ReceivedDate,False,,,
ReceivedMaterials,Status,False,,,
ReceivedMaterials,Type,False,,,
ReceivedMaterialsPurchasedMaterial,ID,False,,,
ReceivedMaterialsPurchasedMaterial,LinkIDPurchasedMaterial,True,PurchasedMaterial,prefix-exact,PurchasedMaterial
ReceivedMaterialsPurchasedMaterial,LinkIDReceivedMaterial,True,ReceivedMaterials,prefix-exact,ReceivedMaterial
ReportDatasets,ID,False,,,
ReportDatasets,IncludedColumns,False,,,
ReportDatasets,LinkID,True,,ambiguous,
ReportDatasets,LinkIDCategory,True,Categories,prefix-exact,Category
ReportDatasets,LinkIDReport,True,,prefix-nomatch,Report
ReportDatasets,Modified,False,,,
ReportDatasets,Name,False,,,
ReportDatasets,SqlString,False,,,
ReportDatasets,Type,False,,,
ReportExportSettings,CSVBandFilter,False,,,
ReportExportSettings,CSVSeparator,False,,,
ReportExportSettings,CSVSkipColumnHeaders,False,,,
ReportExportSettings,ExcelBandFilter,False,,,
ReportExportSettings,ExcelExportEachPage,False,,,
ReportExportSettings,ExcelExportObjectFormatting,False,,,
ReportExportSettings,ExcelExportPageBreaks,False,,,
ReportExportSettings,ExcelOnePage,False,,,
ReportExportSettings,ExcelType,False,,,
ReportExportSettings,ExportSettingType,False,,,
ReportExportSettings,HTMLAddPageBreaks,False,,,
ReportExportSettings,HTMLCompressToArchive,False,,,
ReportExportSettings,HTMLEmbeddedImageData,False,,,
ReportExportSettings,HTMLExportMode,False,,,
ReportExportSettings,HTMLImageFormat,False,,,
ReportExportSettings,HTMLScale,False,,,
ReportExportSettings,ID,False,,,
ReportExportSettings,ImageCutEdges,False,,,
ReportExportSettings,ImageMonochromeType,False,,,
ReportExportSettings,ImageQuality,False,,,
ReportExportSettings,ImageResolution,False,,,
ReportExportSettings,ImageScale,False,,,
ReportExportSettings,ImageTIFFCompression,False,,,
ReportExportSettings,ImageTIFFMultipleFile,False,,,
ReportExportSettings,ImageType,False,,,
ReportExportSettings,LinkID,True,,ambiguous,
ReportExportSettings,LinkIDCategory,True,Categories,prefix-exact,Category
ReportExportSettings,Modified,False,,,
ReportExportSettings,Name,False,,,
ReportExportSettings,PDFAllowCompliance,False,,,
ReportExportSettings,PDFAllowEditable,False,,,
ReportExportSettings,PDFCompliance,False,,,
ReportExportSettings,PDFEmbeddedFonts,False,,,
ReportExportSettings,PDFExportRTAsImage,False,,,
ReportExportSettings,PDFImageCompressionMethod,False,,,
ReportExportSettings,PDFImageResolution,False,,,
ReportExportSettings,PDFImageResolutionMode,False,,,
ReportExportSettings,RestrictEditing,False,,,
ReportExportSettings,WordRemoveEmptySpace,False,,,
ReportExportSettings,WordUseHeadersAndFooters,False,,,
ReportGroupItems,ID,False,,,
ReportGroupItems,LinkID,True,,ambiguous,
ReportGroupItems,LinkIDCategory,True,Categories,prefix-exact,Category
ReportGroupItems,LinkIDProcessingStation,True,ProcessingStations,prefix-exact,ProcessingStation
ReportGroupItems,LinkIDReport,True,,prefix-nomatch,Report
ReportGroupItems,LinkIDReportGroup,True,ReportGroups,prefix-exact,ReportGroup
ReportGroupItems,Modified,False,,,
ReportGroupItems,Name,False,,,
ReportGroupItems,OutputPath,False,,,
ReportGroupItems,OutputType,False,,,
ReportGroups,CreateReportDirectory,False,,,
ReportGroups,ID,False,,,
ReportGroups,LinkID,True,,ambiguous,
ReportGroups,LinkIDCategory,True,Categories,prefix-exact,Category
ReportGroups,Modified,False,,,
ReportGroups,Name,False,,,
ReportGroups,OutputNameFormat,False,,,
ReportGroups,OutputPath,False,,,
ReportGroups,RunGroupOnBatchComplete,False,,,
ReportGroups,RunGroupOnWOComplete,False,,,
ReportTemplates,BusinessObjectTypes,False,,,
ReportTemplates,Comments,False,,,
ReportTemplates,DatabaseFileName,False,,,
ReportTemplates,GlobalVariables,False,,,
ReportTemplates,HideInReportList,False,,,
ReportTemplates,ID,False,,,
ReportTemplates,IsBatchReport,False,,,
ReportTemplates,LinkID,True,,ambiguous,
ReportTemplates,LinkIDCategory,True,Categories,prefix-exact,Category
ReportTemplates,Modified,False,,,
ReportTemplates,ModifiedVersion,False,,,
ReportTemplates,Name,False,,,
ReportTemplates,ProductVariables,False,,,
ReportTemplates,ReportCategoryType,False,,,
ReportTemplates,ReportFile,False,,,
ReportTemplates,SqlString,False,,,
SalesOrders,Active,False,,,
SalesOrders,Comments,False,,,
SalesOrders,DateClosed,False,,,
SalesOrders,DateConfirmed,False,,,
SalesOrders,DateCreated,False,,,
SalesOrders,DateDeleted,False,,,
SalesOrders,DateDeliveredActual,False,,,
SalesOrders,DateDeliveryPromised,False,,,
SalesOrders,DateInvoiceApproved,False,,,
SalesOrders,DateInvoiced,False,,,
SalesOrders,DatePaid,False,,,
SalesOrders,DateProductionFinish,False,,,
SalesOrders,DateProductionStart,False,,,
SalesOrders,DateRejected,False,,,
SalesOrders,DateReleased,False,,,
SalesOrders,DateShipped,False,,,
SalesOrders,ID,False,,,
SalesOrders,InvoiceNumber,False,,,
SalesOrders,LinkID,True,,ambiguous,
SalesOrders,LinkIDCategory,True,Categories,prefix-exact,Category
SalesOrders,LinkIDCreatorContact,True,,prefix-nomatch,CreatorContact
SalesOrders,LinkIDCustomerCompany,True,,prefix-nomatch,CustomerCompany
SalesOrders,LinkIDProject,True,Projects,prefix-exact,Project
SalesOrders,Modified,False,,,
SalesOrders,Name,False,,,
SalesOrders,OrderNumber,False,,,
SalesOrders,OrderNumberPrefix,False,,,
SalesOrders,PoNumber,False,,,
SalesOrders,PreviousStatus,False,,,
SalesOrders,ShippingMethod,False,,,
SalesOrders,Status,False,,,
SalesOrders,TaxRate,False,,,
SalesOrders,Type,False,,,
SavedViews,ColumnOrder,False,,,
SavedViews,ColumnSortFlags,False,,,
SavedViews,ColumnSortPrecedence,False,,,
SavedViews,ColumnWidths,False,,,
SavedViews,DecimalPlaces,False,,,
SavedViews,ExportGroupRows,False,,,
SavedViews,Filters,False,,,
SavedViews,FontSize,False,,,
SavedViews,FrozenColumns,False,,,
SavedViews,GridType,False,,,
SavedViews,Groups,False,,,
SavedViews,HiddenColumns,False,,,
SavedViews,ID,False,,,
SavedViews,LinkID,True,,ambiguous,
SavedViews,LinkIDCategory,True,Categories,prefix-exact,Category
SavedViews,MasterColumnOrder,False,,,
SavedViews,MaxSortColumns,False,,,
SavedViews,Modified,False,,,
SavedViews,Name,False,,,
SavedViews,SettingsType,False,,,
SavedViews,ShowNumColumn,False,,,
SavedViews,WordWrap,False,,,
SawStacks,ID,False,,,
SawStacks,LinkID,True,,ambiguous,
SawStacks,LinkIDCategory,True,Categories,prefix-exact,Category
SawStacks,LinkIDWorkOrder,True,Workorders,prefix-case,WorkOrder
SawStacks,LinkIDWorkOrderBatch,True,WorkOrderBatches,prefix-exact,WorkOrderBatch
SawStacks,LinkidProcessingStation,False,,,
SawStacks,MaterialName,False,,,
SawStacks,Modified,False,,,
SawStacks,Name,False,,,
SawStacks,StackHeight,False,,,
SawingOptimizerSettings,AllowMixedStacking,False,,,
SawingOptimizerSettings,AuxPath1,False,,,
SawingOptimizerSettings,CPOUTAlgorithm,False,,,
SawingOptimizerSettings,CPOUTCode,False,,,
SawingOptimizerSettings,ConnectionName,False,,,
SawingOptimizerSettings,CreateSawOFFRecords,False,,,
SawingOptimizerSettings,CutPreference,False,,,
SawingOptimizerSettings,DecimalPlaces,False,,,
SawingOptimizerSettings,DestinationPath,False,,,
SawingOptimizerSettings,EdgebandPremill,False,,,
SawingOptimizerSettings,ExcludeOversizeInPartsReq,False,,,
SawingOptimizerSettings,GrippersWidth,False,,,
SawingOptimizerSettings,ID,False,,,
SawingOptimizerSettings,LinkID,True,,ambiguous,
SawingOptimizerSettings,LinkIDCategory,True,Categories,prefix-exact,Category
SawingOptimizerSettings,MaxFileNumberRange,False,,,
SawingOptimizerSettings,MaxPartRecords,False,,,
SawingOptimizerSettings,MinFileNumberRange,False,,,
SawingOptimizerSettings,Modified,False,,,
SawingOptimizerSettings,Name,False,,,
SawingOptimizerSettings,NumberOfPhases,False,,,
SawingOptimizerSettings,OptimizerPersistence,False,,,
SawingOptimizerSettings,OptimizerRandomSeed,False,,,
SawingOptimizerSettings,OptimizerTimeLimitIndex,False,,,
SawingOptimizerSettings,OversizeAmount,False,,,
SawingOptimizerSettings,PerfectGrainTrim,False,,,
SawingOptimizerSettings,PrefectGrainType,False,,,
SawingOptimizerSettings,ReCutTrailingTrim,False,,,
SawingOptimizerSettings,RepeatingAttemptTimeout,False,,,
SawingOptimizerSettings,RepeatingNumberOfAttempts,False,,,
SawingOptimizerSettings,RepeatingOptimizationEnabled,False,,,
SawingOptimizerSettings,RoundingType,False,,,
SawingOptimizerSettings,SawAxisType,False,,,
SawingOptimizerSettings,SawBladeWidth,False,,,
SawingOptimizerSettings,SawCutPreference,False,,,
SawingOptimizerSettings,SawLinkType,False,,,
SawingOptimizerSettings,SawUnitsType,False,,,
SawingOptimizerSettings,SheetOrigin,False,,,
SawingOptimizerSettings,SheetOriginRelative,False,,,
SawingOptimizerSettings,SheetSelectionStrategy,False,,,
SawingOptimizerSettings,ShowPartIndexNumber,False,,,
SawingOptimizerSettings,SimpleCPOUT,False,,,
SawingOptimizerSettings,StackHeight,False,,,
SawingOptimizerSettings,StackQty,False,,,
SawingOptimizerSettings,StackedMaterialPreference,False,,,
SawingOptimizerSettings,UseAlphanumericExtensions,False,,,
SawingOptimizerSettings,UseHandlingCode,False,,,
SawingOptimizerSettings,YieldStrategyLevel,False,,,
ScheduledWorkOrderActivities,Date,False,,,
ScheduledWorkOrderActivities,EndTime,False,,,
ScheduledWorkOrderActivities,GroupingKey,False,,,
ScheduledWorkOrderActivities,ID,False,,,
ScheduledWorkOrderActivities,LinkID,True,,ambiguous,
ScheduledWorkOrderActivities,LinkIDActivityStation,True,ActivityStations,prefix-exact,ActivityStation
ScheduledWorkOrderActivities,LinkIDCategory,True,Categories,prefix-exact,Category
ScheduledWorkOrderActivities,LinkIDPredecessor,True,,prefix-nomatch,Predecessor
ScheduledWorkOrderActivities,LinkIDShift,True,Shifts,prefix-exact,Shift
ScheduledWorkOrderActivities,LinkIDWorkOrder,True,Workorders,prefix-case,WorkOrder
ScheduledWorkOrderActivities,LinkIDWorkOrderActivity,True,WorkOrderActivities,prefix-exact,WorkOrderActivity
ScheduledWorkOrderActivities,Modified,False,,,
ScheduledWorkOrderActivities,Name,False,,,
ScheduledWorkOrderActivities,PredecessorLagDays,False,,,
ScheduledWorkOrderActivities,PredecessorType,False,,,
ScheduledWorkOrderActivities,Priority,False,,,
ScheduledWorkOrderActivities,ScheduledValue,False,,,
ScheduledWorkOrderActivities,StartTime,False,,,
ScheduledWorkOrderActivities,Type,False,,,
ScrapOptimizerSettings,AutoCommitUsage,False,,,
ScrapOptimizerSettings,Destroy,False,,,
ScrapOptimizerSettings,DestroyMaxDim1,False,,,
ScrapOptimizerSettings,DestroyMaxDim2,False,,,
ScrapOptimizerSettings,DestroyReduceToolDrops,False,,,
ScrapOptimizerSettings,DestroySequence,False,,,
ScrapOptimizerSettings,DestroySheetTrim,False,,,
ScrapOptimizerSettings,DestroyTool,False,,,
ScrapOptimizerSettings,DestroyType,False,,,
ScrapOptimizerSettings,DimAndLogic,False,,,
ScrapOptimizerSettings,ID,False,,,
ScrapOptimizerSettings,LinkID,True,,ambiguous,
ScrapOptimizerSettings,LinkIDCategory,True,Categories,prefix-exact,Category
ScrapOptimizerSettings,MinArea,False,,,
ScrapOptimizerSettings,MinDim,False,,,
ScrapOptimizerSettings,Modified,False,,,
ScrapOptimizerSettings,Name,False,,,
ScrapOptimizerSettings,OverrideTrims,False,,,
ScrapOptimizerSettings,PromptToCommit,False,,,
ScrapOptimizerSettings,Save,False,,,
ScrapOptimizerSettings,SaveType,False,,,
ScrapOptimizerSettings,ScrapUsagePreference,False,,,
ScrapOptimizerSettings,TrimLeadingLength,False,,,
ScrapOptimizerSettings,TrimLeadingWidth,False,,,
ScrapOptimizerSettings,TrimTrailingLength,False,,,
ScrapOptimizerSettings,TrimTrailingWidth,False,,,
ScrapOptimizerSettings,Use,False,,,
ScrapOptimizerSizes,ID,False,,,
ScrapOptimizerSizes,LinkID,True,,ambiguous,
ScrapOptimizerSizes,LinkIDCategory,True,Categories,prefix-exact,Category
ScrapOptimizerSizes,LinkIDParent,True,,prefix-nomatch,Parent
ScrapOptimizerSizes,MaxX,False,,,
ScrapOptimizerSizes,MaxY,False,,,
ScrapOptimizerSizes,MinX,False,,,
ScrapOptimizerSizes,MinY,False,,,
ScrapOptimizerSizes,Modified,False,,,
ScrapOptimizerSizes,Name,False,,,
ScrapOptimizerSizes,Priority,False,,,
SheetSets,ID,False,,,
SheetSets,LinkID,True,,ambiguous,
SheetSets,LinkIDCategory,True,Categories,prefix-exact,Category
SheetSets,LinkIDProject,True,Projects,prefix-exact,Project
SheetSets,ModelSpaceFileName,False,,,
SheetSets,Modified,False,,,
SheetSets,Name,False,,,
SheetSets,PaperSpaceFileName,False,,,
Sheets,Code,False,,,
Sheets,CodeFormula,False,,,
Sheets,Comments,False,,,
Sheets,Grain,False,,,
Sheets,GrainFormula,False,,,
Sheets,HandlingCode,False,,,
Sheets,HandlingCodeFormula,False,,,
Sheets,HatchType,False,,,
Sheets,ID,False,,,
Sheets,Index,False,,,
Sheets,InventoryAvailableQty,False,,,
Sheets,InventoryCurrentQty,False,,,
Sheets,InventoryMinQty,False,,,
Sheets,IsFormulaMaterial,False,,,
Sheets,LeadingLengthTrim,False,,,
Sheets,LeadingLengthTrimFormula,False,,,
Sheets,LeadingWidthTrim,False,,,
Sheets,LeadingWidthTrimFormula,False,,,
Sheets,Length,False,,,
Sheets,LengthFormula,False,,,
Sheets,LinkID,True,,ambiguous,
Sheets,LinkIDBottomFaceRendering,True,,prefix-nomatch,BottomFaceRendering
Sheets,LinkIDCategory,True,Categories,prefix-exact,Category
Sheets,LinkIDCoreRendering,True,,prefix-nomatch,CoreRendering
Sheets,LinkIDDefaultVendor,True,,prefix-nomatch,DefaultVendor
Sheets,LinkIDMaterial,True,Materials,prefix-exact,Material
Sheets,LinkIDMaterialStorageLocation,True,MaterialStorageLocations,prefix-exact,MaterialStorageLocation
Sheets,LinkIDProcessingStation,True,ProcessingStations,prefix-exact,ProcessingStation
Sheets,LinkIDSheetSize,True,,prefix-nomatch,SheetSize
Sheets,LinkIDStack,True,,prefix-nomatch,Stack
Sheets,LinkIDSubType,True,,prefix-nomatch,SubType
Sheets,LinkIDTopFaceRendering,True,,prefix-nomatch,TopFaceRendering
Sheets,LinkIDWorkOrder,True,Workorders,prefix-case,WorkOrder
Sheets,LinkIDWorkOrderBatch,True,WorkOrderBatches,prefix-exact,WorkOrderBatch
Sheets,MarkUp,False,,,
Sheets,MarkUpFormula,False,,,
Sheets,MaterialCommentsFormula,False,,,
Sheets,MaterialCost,False,,,
Sheets,MaterialCostFormula,False,,,
Sheets,MaterialEstimateCost,False,,,
Sheets,MaterialFlipSetting,False,,,
Sheets,MaterialLaborValue,False,,,
Sheets,MaterialLaborValueFormula,False,,,
Sheets,MaterialXData1,False,,,
Sheets,MaterialXData1Formula,False,,,
Sheets,MaterialXData2,False,,,
Sheets,MaterialXData2Formula,False,,,
Sheets,MaterialXData3,False,,,
Sheets,MaterialXData3Formula,False,,,
Sheets,Modified,False,,,
Sheets,Name,False,,,
Sheets,NumStrips,False,,,
Sheets,NumplacedParts,False,,,
Sheets,OptimizationPriority,False,,,
Sheets,OptimizationPriorityFormula,False,,,
Sheets,Pattern,False,,,
Sheets,Picture,False,,,
Sheets,PrintFlag,False,,,
Sheets,QtyFormula,False,,,
Sheets,Quantity,False,,,
Sheets,Region,False,,,
Sheets,ScrapType,False,,,
Sheets,SkipSpreadsheetSync,False,,,
Sheets,SpredsheetColumn,False,,,
Sheets,Thickness,False,,,
Sheets,TrailingLengthTrim,False,,,
Sheets,TrailingLengthTrimFormula,False,,,
Sheets,TrailingWidthTrim,False,,,
Sheets,TrailingWidthTrimFormula,False,,,
Sheets,Type,False,,,
Sheets,UnitType,False,,,
Sheets,WasteFactor,False,,,
Sheets,WasteFactorFormula,False,,,
Sheets,WeightedSelectionValue,False,,,
Sheets,WeightedSelectionValueFormula,False,,,
Sheets,Width,False,,,
Sheets,WidthFormula,False,,,
SheetsVendors,ID,False,,,
SheetsVendors,LinkIDSheet,True,Sheets,prefix-exact,Sheet
SheetsVendors,LinkIDVendor,True,Vendors,prefix-exact,Vendor
Shifts,AllowFriday,False,,,
Shifts,AllowMonday,False,,,
Shifts,AllowSaturday,False,,,
Shifts,AllowSunday,False,,,
Shifts,AllowThursday,False,,,
Shifts,AllowTuesday,False,,,
Shifts,AllowWednesday,False,,,
Shifts,ClockInBuffer,False,,,
Shifts,ClockInInterval,False,,,
Shifts,ClockOutBuffer,False,,,
Shifts,ClockOutInterval,False,,,
Shifts,EndTime,False,,,
Shifts,ID,False,,,
Shifts,LinkID,True,,ambiguous,
Shifts,LinkIDCategory,True,Categories,prefix-exact,Category
Shifts,Modified,False,,,
Shifts,Name,False,,,
Shifts,OvertimeThresholdDay,False,,,
Shifts,OvertimeThresholdWeek,False,,,
Shifts,PayMultiplier,False,,,
Shifts,ShiftDurationTime,False,,,
Shifts,ShiftProductionTime,False,,,
Shifts,StartTime,False,,,
Shifts,Type,False,,,
Shifts,UnPaidBreakEndTime,False,,,
Shifts,UnPaidBreakStartTime,False,,,
ShiftsActivityStations,ID,False,,,
ShiftsActivityStations,LinkIDActivityStation,True,ActivityStations,prefix-exact,ActivityStation
ShiftsActivityStations,LinkIDShift,True,Shifts,prefix-exact,Shift
ShiftsBreaks,ID,False,,,
ShiftsBreaks,LinkIDBreak,True,Breaks,prefix-exact,Break
ShiftsBreaks,LinkIDShift,True,Shifts,prefix-exact,Shift
ShiftsHolidays,ID,False,,,
ShiftsHolidays,LinkIDHoliday,True,Holidays,prefix-exact,Holiday
ShiftsHolidays,LinkIDShift,True,Shifts,prefix-exact,Shift
ShippingItems,Comments,False,,,
ShippingItems,DateCreated,False,,,
ShippingItems,DateDelivered,False,,,
ShippingItems,DateLoaded,False,,,
ShippingItems,DateShipped,False,,,
ShippingItems,Depth,False,,,
ShippingItems,Description,False,,,
ShippingItems,Height,False,,,
ShippingItems,ID,False,,,
ShippingItems,LinkID,True,,ambiguous,
ShippingItems,LinkIDCategory,True,Categories,prefix-exact,Category
ShippingItems,LinkIDEmployeeCreator,True,,prefix-nomatch,EmployeeCreator
ShippingItems,LinkIDEmployeeDeliver,True,,prefix-nomatch,EmployeeDeliver
ShippingItems,LinkIDEmployeeLoader,True,,prefix-nomatch,EmployeeLoader
ShippingItems,LinkIDHardwarePart,True,,prefix-nomatch,HardwarePart
ShippingItems,LinkIDMaterial,True,Materials,prefix-exact,Material
ShippingItems,LinkIDPallet,True,Pallets,prefix-exact,Pallet
ShippingItems,LinkIDParentItem,True,,prefix-nomatch,ParentItem
ShippingItems,LinkIDParentProduct,True,,prefix-nomatch,ParentProduct
ShippingItems,LinkIDPart,True,Parts,prefix-exact,Part
ShippingItems,LinkIDProject,True,Projects,prefix-exact,Project
ShippingItems,LinkIDShippingTicket,True,ShippingTickets,prefix-exact,ShippingTicket
ShippingItems,LinkIDSubassembly,True,Subassemblies,prefix-exact,Subassembly
ShippingItems,LinkIDWorkOrder,True,Workorders,prefix-case,WorkOrder
ShippingItems,Modified,False,,,
ShippingItems,Name,False,,,
ShippingItems,PieceCount,False,,,
ShippingItems,Quantity,False,,,
ShippingItems,QuantityShipped,False,,,
ShippingItems,RoomName,False,,,
ShippingItems,Status,False,,,
ShippingItems,Type,False,,,
ShippingItems,Weight,False,,,
ShippingItems,Width,False,,,
ShippingTickets,Comments,False,,,
ShippingTickets,DateActualDelivery,False,,,
ShippingTickets,DateCreated,False,,,
ShippingTickets,DateDeliveryScheduled,False,,,
ShippingTickets,ID,False,,,
ShippingTickets,LinkID,True,,ambiguous,
ShippingTickets,LinkIDCategory,True,Categories,prefix-exact,Category
ShippingTickets,LinkIDContactCompany,True,,prefix-nomatch,ContactCompany
ShippingTickets,LinkIDEmployeeCreator,True,,prefix-nomatch,EmployeeCreator
ShippingTickets,Modified,False,,,
ShippingTickets,Name,False,,,
ShippingTickets,ShipMethod,False,,,
ShippingTickets,ShipStatus,False,,,
ShippingTickets,ShipToAddress,False,,,
ShippingTickets,ShippingTime,False,,,
ShippingTickets,TicketNumber,False,,,
SpecificationGroups,CategoryLevel,False,,,
SpecificationGroups,ID,False,,,
SpecificationGroups,LinkID,True,,ambiguous,
SpecificationGroups,LinkIDCategory,True,Categories,prefix-exact,Category
SpecificationGroups,LinkIDCutPartsFileName,True,,prefix-nomatch,CutPartsFileName
SpecificationGroups,LinkIDDoorWizardFileName,True,,prefix-nomatch,DoorWizardFileName
SpecificationGroups,LinkIDEdgeBandFileName,True,,prefix-nomatch,EdgeBandFileName
SpecificationGroups,LinkIDFactoryFileName,True,,prefix-nomatch,FactoryFileName
SpecificationGroups,LinkIDGlobalFileName,True,,prefix-nomatch,GlobalFileName
SpecificationGroups,LinkIDHardwareFileName,True,,prefix-nomatch,HardwareFileName
SpecificationGroups,LinkIDLibrary,True,Libraries,prefix-exact,Library
SpecificationGroups,LinkIDProject,True,Projects,prefix-exact,Project
SpecificationGroups,LinkIDProjectWizardFileName,True,,prefix-nomatch,ProjectWizardFileName
SpecificationGroups,Modified,False,,,
SpecificationGroups,Name,False,,,
SpecificationGroups,PrintFlag,False,,,
SpecificationGroups,Type,False,,,
StorageGroupItems,ID,False,,,
StorageGroupItems,LinkID,True,,ambiguous,
StorageGroupItems,LinkIDItem,True,,prefix-nomatch,Item
StorageGroupItems,LinkIDStorageGroup,True,StorageGroups,prefix-exact,StorageGroup
StorageGroupItems,Name,False,,,
StorageGroupItems,ScanCode,False,,,
StorageGroupItems,Type,False,,,
StorageGroups,Comments,False,,,
StorageGroups,DateCreated,False,,,
StorageGroups,ID,False,,,
StorageGroups,LinkID,True,,ambiguous,
StorageGroups,LinkIDEmployee,True,Employees,prefix-exact,Employee
StorageGroups,LinkIDStorageLocation,True,,prefix-nomatch,StorageLocation
StorageGroups,Name,False,,,
StorageGroups,Number,False,,,
StorageGroups,PrintFlag,False,,,
StorageGroups,ScanCode,False,,,
StorageGroups,Status,False,,,
StorageGroups,Type,False,,,
Subassemblies,ActivityPath,False,,,
Subassemblies,ActivityPathShort,False,,,
Subassemblies,Angle,False,,,
Subassemblies,BayPosition,False,,,
Subassemblies,Comments,False,,,
Subassemblies,Comments1,False,,,
Subassemblies,Comments2,False,,,
Subassemblies,Comments3,False,,,
Subassemblies,ContainsSubassemblies,False,,,
Subassemblies,Depth,False,,,
Subassemblies,DrawIndex,False,,,
Subassemblies,Height,False,,,
Subassemblies,ID,False,,,
Subassemblies,IsBuyOut,False,,,
Subassemblies,JPegName,False,,,
Subassemblies,JPegStream,False,,,
Subassemblies,LinkID,True,,ambiguous,
Subassemblies,LinkIDCategory,True,Categories,prefix-exact,Category
Subassemblies,LinkIDLibrary,True,Libraries,prefix-exact,Library
Subassemblies,LinkIDParentProduct,True,,prefix-nomatch,ParentProduct
Subassemblies,LinkIDParentSubassembly,True,,prefix-nomatch,ParentSubassembly
Subassemblies,LinkIDProject,True,Projects,prefix-exact,Project
Subassemblies,LinkIDWorkOrder,True,Workorders,prefix-case,WorkOrder
Subassemblies,Modified,False,,,
Subassemblies,ModifiedRowID,False,,,
Subassemblies,Name,False,,,
Subassemblies,PerfectGrainCaption,False,,,
Subassemblies,Quantity,False,,,
Subassemblies,ScanCode,False,,,
Subassemblies,TiffName,False,,,
Subassemblies,TiffStream,False,,,
Subassemblies,Type,False,,,
Subassemblies,WMFName,False,,,
Subassemblies,WMFStream,False,,,
Subassemblies,Width,False,,,
Subassemblies,WorkBook,False,,,
Subassemblies,X,False,,,
Subassemblies,Y,False,,,
Subassemblies,Z,False,,,
TiffDrawings,AdvancedOverlay,False,,,
TiffDrawings,AnnotationStream,False,,,
TiffDrawings,CustomScale,False,,,
TiffDrawings,DrawingUnits,False,,,
TiffDrawings,ID,False,,,
TiffDrawings,LinkID,True,,ambiguous,
TiffDrawings,LinkIDCategory,True,Categories,prefix-exact,Category
TiffDrawings,LinkIDProject,True,Projects,prefix-exact,Project
TiffDrawings,Modified,False,,,
TiffDrawings,Name,False,,,
TiffDrawings,RevisionNumber,False,,,
TiffDrawings,Rotation,False,,,
TiffDrawings,Scale,False,,,
TiffDrawings,StandardOverlay,False,,,
TiffDrawings,TiffStream,False,,,
TimeClockSettings,GeoFenceMaxDistance,False,,,
TimeClockSettings,ID,False,,,
TimeClockSettings,LinkID,True,,ambiguous,
TimeClockSettings,LinkIDCategory,True,Categories,prefix-exact,Category
TimeClockSettings,MainImbedUrl,False,,,
TimeClockSettings,Modified,False,,,
TimeClockSettings,Name,False,,,
TimeClockSettings,TimeClockSettings,False,,,
ToolFiles,ID,False,,,
ToolFiles,LinkID,True,,ambiguous,
ToolFiles,LinkIDCategory,True,Categories,prefix-exact,Category
ToolFiles,LinkIDFactory,True,Factory,prefix-exact,Factory
ToolFiles,Modified,False,,,
ToolFiles,Name,False,,,
ToolFiles,WorkBook,False,,,
UserDefinedTokens,ID,False,,,
UserDefinedTokens,LinkID,True,,ambiguous,
UserDefinedTokens,LinkIDCategory,True,Categories,prefix-exact,Category
UserDefinedTokens,Modified,False,,,
UserDefinedTokens,Name,False,,,
UserDefinedTokens,Type,False,,,
UserDefinedTokens,UserDefinedByteArray,False,,,
Vendors,AccountNumber,False,,,
Vendors,CellPhone,False,,,
Vendors,City,False,,,
Vendors,Comments,False,,,
Vendors,Country,False,,,
Vendors,EmailDefault,False,,,
Vendors,FaxDefault,False,,,
Vendors,ID,False,,,
Vendors,LinkID,True,,ambiguous,
Vendors,LinkIDCategory,True,Categories,prefix-exact,Category
Vendors,LinkIDPrimaryContact,True,,prefix-nomatch,PrimaryContact
Vendors,LinkIDReportTemplate,True,ReportTemplates,prefix-exact,ReportTemplate
Vendors,MailCity,False,,,
Vendors,MailCountry,False,,,
Vendors,MailPOBox,False,,,
Vendors,MailState,False,,,
Vendors,MailStreet,False,,,
Vendors,MailZipCode,False,,,
Vendors,Modified,False,,,
Vendors,Name,False,,,
Vendors,POBox,False,,,
Vendors,PaymentTermsType,False,,,
Vendors,PhoneDefault,False,,,
Vendors,State,False,,,
Vendors,Street,False,,,
Vendors,Type,False,,,
Vendors,WebSiteDefault,False,,,
Vendors,ZipCode,False,,,
WorkOrderActivities,ActualValue,False,,,
WorkOrderActivities,Comments,False,,,
WorkOrderActivities,DateStatusChanged,False,,,
WorkOrderActivities,EndDate,False,,,
WorkOrderActivities,GroupingKey,False,,,
WorkOrderActivities,ID,False,,,
WorkOrderActivities,LaborRate,False,,,
WorkOrderActivities,LinkID,True,,ambiguous,
WorkOrderActivities,LinkIDActivityStation,True,ActivityStations,prefix-exact,ActivityStation
WorkOrderActivities,LinkIDCategory,True,Categories,prefix-exact,Category
WorkOrderActivities,LinkIDPart,True,Parts,prefix-exact,Part
WorkOrderActivities,LinkIDProject,True,Projects,prefix-exact,Project
WorkOrderActivities,LinkIDScheduledActivity,True,,prefix-nomatch,ScheduledActivity
WorkOrderActivities,LinkIDShift,True,Shifts,prefix-exact,Shift
WorkOrderActivities,LinkIDStatusChangeEmployee,True,,prefix-nomatch,StatusChangeEmployee
WorkOrderActivities,LinkIDSubassembly,True,Subassemblies,prefix-exact,Subassembly
WorkOrderActivities,LinkIDWorkOrder,True,Workorders,prefix-case,WorkOrder
WorkOrderActivities,LinkProduct,False,,,
WorkOrderActivities,Modified,False,,,
WorkOrderActivities,Name,False,,,
WorkOrderActivities,NumberOfEmployeesRequired,False,,,
WorkOrderActivities,Priority,False,,,
WorkOrderActivities,ScheduledValue,False,,,
WorkOrderActivities,SequenceNumber,False,,,
WorkOrderActivities,StartDate,False,,,
WorkOrderActivities,StationNumber,False,,,
WorkOrderActivities,Status,False,,,
WorkOrderActivities,TotalHours,False,,,
WorkOrderActivities,TotalScheduledValue,False,,,
WorkOrderActivities,Type,False,,,
WorkOrderActivities,UnitType,False,,,
WorkOrderActivities,UnitsPerMinuteFactoryTime,False,,,
WorkOrderBatches,ID,False,,,
WorkOrderBatches,LinkID,True,,ambiguous,
WorkOrderBatches,LinkIDWorkOrder,True,Workorders,prefix-case,WorkOrder
WorkOrderBatches,Name,False,,,
Workorders,Active,False,,,
Workorders,ActualCompletionDate,False,,,
Workorders,Comments,False,,,
Workorders,DateCreated,False,,,
Workorders,Estimate,False,,,
Workorders,ID,False,,,
Workorders,LinkID,True,,ambiguous,
Workorders,LinkIDCategory,True,Categories,prefix-exact,Category
Workorders,Modified,False,,,
Workorders,Name,False,,,
Workorders,Number,False,,,
Workorders,ScanCode,False,,,
Workorders,ScheduledCompletionDate,False,,,
Workorders,ScheduledStartDate,False,,,
Workorders,ShippingTime,False,,,
Workorders,Status,False,,,
Workorders,WorkOrderNumber,False,,,
